srcNode,dstNode,roadType,distanceKm,transportCostPerTonne,handlingCost,tollCost,riskFactor,totalEdgeCost,capacityTonnes,allowedGrade,certifiedOnlyFlag
P1,D6,DistrictRoad,141.2,254.16,59.66,123.19,0.85,371.46,498,Standard,0
P2,D9,DistrictRoad,17.9,32.22,136.73,10.48,0.85,152.52,417,Standard,0
P3,D10,VillageRoad,331.9,746.77,176.13,87.45,0.83,838.59,499,Select,0
P4,D1,DistrictRoad,21.1,37.98,221.69,43.44,0.87,263.71,260,Premium,1
P5,D5,DistrictRoad,40.6,73.08,164.24,28.18,0.85,225.67,564,Standard,0
P6,D10,VillageRoad,218.6,491.85,149.28,79.76,1.19,857.86,438,Premium,1
P7,D8,Highway,108.4,156.1,208.88,104.85,0.92,432.24,494,Select,0
P8,D9,PortLink,306.9,828.63,195.89,43.19,1.29,1377.35,260,Premium,1
P9,D7,DistrictRoad,266.2,479.16,80.4,73.34,0.82,518.98,542,Standard,0
P10,D9,Highway,122.3,176.11,120.04,74.5,1.2,444.78,235,Standard,0
P11,D5,PortLink,245.5,662.85,63.0,109.67,0.95,793.74,495,Premium,1
P12,D8,Highway,252.2,363.17,227.41,52.05,1.27,816.14,381,Standard,0
P13,D10,VillageRoad,175.3,394.43,93.64,43.11,1.17,621.48,403,Select,0
P14,D8,VillageRoad,62.4,140.4,130.33,41.68,0.87,271.8,420,Premium,1
P15,D5,PortLink,345.3,932.31,186.54,57.07,0.92,1081.85,242,Standard,0
P16,D3,DistrictRoad,232.2,417.96,52.41,124.66,0.89,529.58,344,Standard,0
P17,D3,PortLink,189.4,511.38,171.96,47.79,0.86,628.77,463,Premium,1
P18,D1,PortLink,315.3,851.31,205.99,131.18,1.2,1426.18,400,Select,0
P19,D7,PortLink,40.7,109.89,176.86,9.34,0.83,245.75,306,Select,0
P20,D3,VillageRoad,122.3,275.18,60.52,0.03,0.88,295.44,251,Select,0
P21,D10,VillageRoad,29.3,65.92,91.59,56.43,1.12,239.61,377,Premium,1
P22,D6,PortLink,47.4,127.98,219.79,148.97,1.03,511.64,447,Select,0
P23,D2,DistrictRoad,40.3,72.54,118.53,39.71,1.21,279.24,282,Premium,1
P24,D1,DistrictRoad,333.1,599.58,155.65,21.99,1.07,831.63,213,Premium,1
P25,D5,VillageRoad,245.2,551.7,102.22,55.0,0.88,623.85,595,Standard,0
P26,D9,Highway,224.6,323.42,172.65,118.26,1.18,724.91,299,Standard,0
P27,D7,DistrictRoad,74.0,133.2,148.56,109.65,1.29,504.92,343,Select,0
P28,D5,DistrictRoad,243.9,439.02,241.3,67.08,1.27,949.2,378,Select,0
P29,D2,DistrictRoad,40.2,72.36,144.02,50.66,1.04,277.72,512,Standard,0
P30,D8,Highway,280.9,404.5,66.96,99.09,1.25,713.19,600,Premium,1
D1,M4,PortLink,311.7,935.1,136.79,95.38,0.84,980.51,805,Select,0
D2,M7,VillageRoad,255.1,637.75,84.0,19.06,0.88,651.91,876,Premium,1
D3,M3,PortLink,231.8,695.4,120.08,82.3,0.87,781.07,414,Premium,1
D4,M2,DistrictRoad,154.7,309.4,224.35,123.92,0.91,598.48,657,Standard,0
D5,M5,DistrictRoad,268.5,537.0,115.2,81.65,1.22,895.3,462,Premium,1
D6,M6,PortLink,233.6,700.8,213.01,77.51,1.21,1199.5,913,Standard,0
D7,M3,VillageRoad,306.1,765.25,205.3,91.28,1.19,1263.58,553,Standard,0
D8,M3,PortLink,218.6,655.8,74.07,9.26,1.14,842.61,943,Premium,1
D9,M8,VillageRoad,309.7,774.25,61.36,28.7,0.82,708.73,500,Premium,1
D10,M8,VillageRoad,267.2,668.0,232.5,66.49,1.11,1073.36,917,Premium,1
M1,E2,Highway,161.1,309.31,156.66,71.71,1.27,682.85,835,Select,1
M2,E2,PortLink,52.3,188.28,74.32,66.32,0.84,276.29,546,Select,1
M3,E1,DistrictRoad,236.0,566.4,206.79,134.55,0.88,798.81,674,Premium,1
M4,E3,DistrictRoad,338.8,813.12,93.92,142.88,1.0,1049.92,798,Premium,1
M5,E2,DistrictRoad,248.7,596.88,248.81,60.57,1.01,915.32,665,Select,1
M6,E1,Highway,11.7,22.46,160.81,66.07,0.81,201.97,639,Select,1
M7,E1,VillageRoad,344.9,1034.7,207.67,145.75,0.85,1179.9,571,Select,1
M8,E1,DistrictRoad,98.3,235.92,75.91,63.34,1.26,472.71,564,Select,1
P10,D5,PortLink,246.6,665.82,67.89,8.63,1.14,846.27,417,Standard,0
P18,P2,VillageRoad,281.6,633.6,66.75,128.43,0.83,687.89,162,Select,0
P1,P22,PortLink,324.7,876.69,103.57,19.38,1.06,1059.62,222,Standard,0
P11,P17,VillageRoad,67.5,151.88,236.45,94.3,1.07,516.41,205,Select,0
P29,D3,DistrictRoad,98.3,176.94,210.74,149.17,0.82,440.22,209,Premium,1
D3,D6,DistrictRoad,182.4,328.32,99.14,67.06,1.13,558.81,432,Select,0
M3,D2,PortLink,339.8,917.46,111.56,32.28,0.91,965.78,201,Premium,1
M7,M1,DistrictRoad,144.6,289.2,119.51,8.16,0.86,358.51,136,Premium,1
M8,P17,PortLink,61.3,165.51,66.9,126.19,1.24,444.66,443,Select,0
D9,P16,Highway,20.6,29.66,87.07,40.36,0.8,125.67,286,Select,0
D6,P21,DistrictRoad,16.9,30.42,226.48,32.68,0.89,257.73,271,Select,0
P6,D1,Highway,178.5,257.04,90.2,75.71,0.8,338.36,335,Standard,0
P10,P26,VillageRoad,140.9,317.03,109.93,94.45,0.84,437.98,370,Standard,0
M3,M6,PortLink,268.7,806.1,194.14,74.13,0.94,1009.91,416,Premium,1
P10,P3,PortLink,258.2,697.14,212.44,20.9,1.06,986.31,358,Premium,1
E4,P2,DistrictRoad,34.4,61.92,58.37,95.57,1.28,276.3,292,Select,0
D6,P4,VillageRoad,221.0,497.25,186.13,73.39,0.8,605.42,135,Premium,1
D3,D5,VillageRoad,232.5,523.12,63.21,110.52,0.93,648.07,138,Select,0
P16,M7,DistrictRoad,84.6,169.2,179.99,69.05,1.22,510.25,139,Select,0
M4,P19,VillageRoad,217.9,490.28,178.55,11.62,0.87,591.99,230,Premium,1
M8,M5,Highway,219.3,350.88,76.69,72.36,1.04,519.93,444,Standard,0
M5,P14,PortLink,105.3,284.31,153.31,69.7,1.03,522.54,160,Premium,1
P13,P20,VillageRoad,328.0,738.0,53.5,68.85,1.21,1041.02,330,Select,0
P25,P14,DistrictRoad,30.7,55.26,68.06,112.12,0.93,218.96,284,Standard,0
D9,M1,Highway,311.0,497.6,190.67,34.71,1.25,903.73,897,Select,0
P2,P11,VillageRoad,332.7,748.58,186.32,60.81,1.16,1155.02,313,Select,0
P25,P21,VillageRoad,294.9,663.52,50.35,112.61,1.22,1008.31,161,Standard,0
M6,P1,Highway,92.4,133.06,63.0,58.52,1.23,313.13,139,Select,0
P28,E1,Highway,299.7,575.42,106.13,7.74,1.13,778.9,452,Premium,1
P18,P28,Highway,70.5,101.52,124.67,143.42,1.24,458.32,489,Premium,1
P26,D6,DistrictRoad,253.3,455.94,59.9,109.85,1.03,644.46,585,Standard,0
M2,P19,PortLink,21.9,59.13,235.36,19.1,1.04,326.13,275,Select,0
P20,P17,Highway,145.1,208.94,97.73,72.48,1.13,428.44,161,Standard,0
M2,P11,VillageRoad,76.7,172.58,231.19,74.56,0.91,435.28,270,Select,0
P28,P9,DistrictRoad,89.2,160.56,84.94,83.38,0.96,315.72,288,Select,0
E4,D7,DistrictRoad,311.1,559.98,199.93,61.92,1.01,830.05,368,Standard,0
P25,P18,Highway,264.5,380.88,149.63,86.14,0.98,604.32,451,Premium,1
D4,M1,DistrictRoad,36.9,73.8,229.36,57.68,1.12,404.14,842,Select,0
P2,P9,VillageRoad,151.7,341.32,202.74,120.64,1.28,850.82,350,Standard,0
P5,P26,PortLink,340.4,919.08,99.69,16.36,0.88,910.91,367,Premium,1
P7,M7,PortLink,34.3,102.9,205.37,0.2,0.86,265.28,391,Standard,0
M2,M6,Highway,337.0,539.2,175.29,79.24,1.02,809.6,491,Standard,0
P7,P5,Highway,185.9,267.7,166.58,58.21,0.91,448.17,407,Standard,0
P1,D5,Highway,348.7,502.13,105.72,47.45,1.22,799.47,324,Select,0
D4,P16,DistrictRoad,15.1,27.18,132.36,97.45,0.83,213.3,199,Select,0
M4,M2,PortLink,33.0,99.0,95.57,63.65,0.99,255.64,352,Standard,0
M5,P22,PortLink,130.0,351.0,129.27,1.01,0.95,457.22,358,Standard,0
P14,D2,DistrictRoad,112.5,202.5,214.0,34.62,0.91,410.52,589,Select,0
P7,D10,PortLink,215.5,581.85,229.3,72.76,1.26,1113.73,228,Premium,1
P10,P26,VillageRoad,78.5,176.62,244.82,21.29,0.83,367.47,130,Standard,0
P26,P29,Highway,257.8,371.23,249.51,139.74,0.96,730.06,194,Premium,1
D4,M8,PortLink,16.0,48.0,182.89,56.79,0.99,284.8,739,Select,0
P11,P7,VillageRoad,32.0,72.0,66.15,63.03,1.24,249.46,387,Standard,0
P25,P23,Highway,288.6,415.58,136.49,7.39,1.04,581.84,290,Premium,1
P29,P13,Highway,130.7,188.21,229.4,4.54,1.01,426.37,420,Select,0
P3,P25,VillageRoad,165.1,371.48,210.67,9.3,0.9,532.3,132,Premium,1
P22,P24,Highway,120.6,173.66,240.75,6.54,1.17,492.51,453,Select,0
P18,P20,VillageRoad,253.9,571.27,169.11,120.85,1.27,1093.76,133,Standard,0
P15,P7,PortLink,251.9,680.13,143.15,116.45,1.19,1118.28,320,Select,0
P9,D2,DistrictRoad,8.0,14.4,236.21,45.5,1.15,340.53,277,Premium,1
P16,P21,Highway,164.0,236.16,206.77,89.36,1.06,564.23,300,Standard,0
P16,P27,VillageRoad,229.1,515.48,146.34,81.69,0.88,654.29,318,Standard,0
P5,P17,VillageRoad,76.9,173.03,134.21,148.26,1.29,587.6,188,Standard,0
P9,P27,PortLink,219.0,591.3,184.82,112.2,1.22,1083.75,440,Standard,0
E2,P19,Highway,101.4,146.02,103.53,38.11,0.93,267.52,324,Standard,0
P12,P16,DistrictRoad,57.9,104.22,226.83,86.74,0.96,401.08,302,Select,0
P16,D3,DistrictRoad,229.1,412.38,70.11,69.59,0.82,452.71,202,Select,0
P15,P29,Highway,18.9,27.22,108.74,17.88,0.89,136.92,398,Standard,0
P5,P24,DistrictRoad,159.9,287.82,101.99,116.67,1.27,643.23,154,Premium,1
D9,M6,Highway,80.1,128.16,123.74,21.21,0.9,245.8,661,Standard,0
D9,M7,DistrictRoad,286.1,572.2,213.77,61.35,0.99,838.85,719,Standard,0
P14,P3,PortLink,194.1,524.07,62.65,15.21,1.0,601.93,381,Standard,0
M1,D5,VillageRoad,230.3,518.18,129.55,40.68,1.29,888.05,441,Select,0
P27,P4,Highway,262.1,377.42,226.74,62.11,0.81,539.68,492,Select,0
M2,P13,PortLink,256.2,691.74,90.73,0.88,1.25,979.19,316,Standard,0
P6,P26,Highway,164.0,236.16,82.51,2.23,1.08,346.57,428,Select,0
P6,D7,Highway,259.4,373.54,84.34,52.19,0.88,448.86,287,Standard,0
P7,P25,PortLink,265.0,715.5,208.43,120.71,0.95,992.41,122,Select,0
P21,P4,PortLink,34.8,93.96,192.46,103.23,1.25,487.06,427,Standard,0
D10,P26,DistrictRoad,291.1,523.98,86.59,32.72,1.0,643.29,365,Standard,0
P25,P23,VillageRoad,56.6,127.35,244.14,122.35,0.9,444.46,387,Premium,1
P3,M3,Highway,45.6,72.96,169.9,82.51,1.11,361.16,256,Premium,1
P27,P20,DistrictRoad,151.9,273.42,181.77,67.02,1.02,532.65,111,Standard,0
D10,D2,PortLink,86.2,232.74,202.71,117.0,1.03,569.02,191,Select,0
P26,P7,VillageRoad,49.3,110.92,136.12,13.76,1.02,266.02,361,Premium,1
M1,P9,VillageRoad,323.1,726.98,112.75,108.06,0.84,796.14,485,Premium,1
P25,M2,DistrictRoad,13.9,27.8,63.28,92.12,1.15,210.68,156,Standard,0
P9,D2,Highway,335.0,482.4,233.21,24.77,1.19,881.05,313,Standard,0
P23,D10,Highway,59.8,86.11,229.31,41.25,1.21,431.57,273,Select,0
D3,D1,DistrictRoad,209.2,376.56,173.17,35.61,0.99,579.49,201,Standard,0
P26,P11,Highway,239.5,344.88,229.08,25.31,1.19,713.13,158,Premium,1
P4,M1,Highway,338.3,541.28,140.61,78.22,1.14,866.53,153,Select,0
D5,M1,PortLink,259.6,778.8,124.29,56.36,0.98,940.26,549,Select,0
P22,E1,VillageRoad,157.6,472.8,85.35,111.54,0.82,549.15,828,Select,1
P20,M1,Highway,257.9,412.64,199.42,33.25,0.95,613.04,420,Select,0
P27,D3,Highway,314.0,452.16,76.4,34.09,1.13,635.79,211,Standard,0
P1,D7,Highway,109.8,158.11,154.62,80.12,1.01,396.78,354,Premium,1
P9,P14,Highway,220.3,317.23,144.98,20.21,1.27,612.67,224,Premium,1
P10,P29,VillageRoad,27.0,60.75,78.94,99.82,0.93,222.74,235,Standard,0
P4,M2,Highway,210.2,336.32,165.69,90.28,1.06,627.83,352,Standard,0
P11,P1,VillageRoad,26.2,58.95,55.05,27.85,0.88,124.83,498,Standard,0
P1,D10,DistrictRoad,54.1,97.38,89.9,91.21,1.05,292.41,528,Select,0
D10,P12,Highway,27.0,38.88,175.19,149.11,1.16,421.29,344,Premium,1
D5,P1,PortLink,296.3,800.01,199.04,69.79,1.17,1250.54,331,Standard,0
P15,P7,Highway,85.1,122.54,57.76,50.33,1.17,269.84,455,Select,0
M6,P4,Highway,224.4,323.14,185.85,102.86,1.26,770.93,235,Select,0
M2,P14,VillageRoad,308.6,694.35,53.05,39.06,0.92,723.54,480,Standard,0
P11,M8,Highway,71.2,113.92,127.74,90.18,0.99,328.52,422,Premium,1
M3,D5,PortLink,167.9,453.33,156.12,0.96,0.81,494.43,471,Standard,0
D7,P20,DistrictRoad,140.1,252.18,167.07,84.78,0.89,448.59,116,Standard,0
P8,P7,DistrictRoad,124.0,223.2,78.37,4.31,0.82,250.82,454,Premium,1
M1,P3,VillageRoad,259.2,583.2,63.15,88.57,0.98,720.22,373,Premium,1
P5,E1,PortLink,42.0,151.2,91.14,16.8,0.82,212.49,389,Select,1
D1,P7,DistrictRoad,38.8,69.84,201.47,30.75,0.96,289.98,316,Select,0
P2,P23,Highway,325.9,469.3,59.68,113.98,1.26,810.13,493,Premium,1
D3,D1,Highway,218.3,314.35,56.2,61.94,1.02,441.14,495,Standard,0
P23,D1,VillageRoad,190.6,428.85,93.31,129.34,0.85,553.78,347,Standard,0
P28,P1,DistrictRoad,104.5,188.1,200.1,8.09,0.97,384.4,148,Select,0
M5,E3,DistrictRoad,338.7,812.88,168.51,143.58,1.06,1192.47,891,Premium,1
P19,P14,DistrictRoad,176.9,318.42,71.98,95.48,0.84,408.14,456,Premium,1
E3,P7,Highway,127.7,183.89,130.25,59.19,1.25,466.66,144,Select,0
M2,P2,Highway,76.1,109.58,102.64,135.18,1.05,364.77,294,Premium,1
P15,P30,DistrictRoad,188.4,339.12,200.9,112.95,1.12,731.33,278,Premium,1
P21,D4,DistrictRoad,304.5,548.1,140.06,83.06,0.96,740.37,437,Select,0
M5,E2,Highway,204.8,393.22,75.21,69.3,1.24,666.79,543,Premium,1
P18,P20,DistrictRoad,254.6,458.28,244.95,108.47,1.1,892.87,278,Standard,0
P16,P21,DistrictRoad,94.2,169.56,240.99,149.24,0.88,492.62,436,Standard,0
P13,P25,DistrictRoad,344.4,619.92,208.98,109.99,1.02,957.67,200,Standard,0
M1,P7,Highway,76.2,109.73,127.67,5.09,1.0,242.49,323,Premium,1
P15,D3,Highway,164.8,237.31,78.36,90.56,1.0,406.23,579,Standard,0
P28,M5,PortLink,296.9,890.7,183.58,97.87,1.24,1453.47,428,Premium,1
D8,P15,DistrictRoad,226.3,407.34,140.78,46.95,1.11,660.53,150,Select,0
P16,E3,PortLink,251.0,903.6,175.92,37.51,1.01,1128.2,766,Premium,1
D10,P27,DistrictRoad,313.6,564.48,115.61,1.59,1.22,831.65,154,Standard,0
P17,D5,DistrictRoad,60.5,108.9,206.36,141.09,1.06,483.73,251,Premium,1
P30,D5,DistrictRoad,252.5,454.5,152.44,95.89,1.21,850.42,467,Select,0
P27,M8,PortLink,77.5,232.5,186.87,58.87,1.18,564.32,162,Premium,1
D10,P23,VillageRoad,92.1,207.22,126.37,9.23,0.84,287.97,315,Premium,1
M5,M4,Highway,205.2,328.32,71.85,45.52,1.0,445.69,369,Standard,0
E4,P26,PortLink,78.1,210.87,75.86,116.49,1.2,483.86,424,Standard,0
D1,M2,DistrictRoad,286.1,572.2,79.25,99.91,1.22,916.66,823,Select,0
P19,E1,DistrictRoad,274.0,657.6,143.88,117.54,0.92,845.5,685,Select,1
P28,M4,DistrictRoad,171.1,342.2,211.09,119.84,0.98,659.67,435,Select,0
P21,D1,PortLink,152.8,412.56,177.46,98.89,0.98,675.13,355,Select,0
P4,P6,Highway,275.5,396.72,78.08,124.7,1.12,671.44,107,Premium,1
P1,P14,VillageRoad,231.3,520.43,100.01,15.23,0.87,553.03,219,Standard,0
E2,P29,Highway,275.8,397.15,91.71,60.37,1.07,587.68,412,Premium,1
D9,E3,VillageRoad,235.6,706.8,228.78,118.21,1.22,1285.62,502,Select,1
M5,P14,VillageRoad,261.0,587.25,137.72,132.4,1.08,925.96,235,Select,0
P15,P9,PortLink,175.1,472.77,61.69,70.06,0.87,525.93,351,Standard,0
D2,P11,VillageRoad,60.3,135.68,114.14,104.38,1.05,371.91,251,Select,0
P24,P28,PortLink,350.0,945.0,185.19,27.08,0.98,1134.12,431,Standard,0
P2,D10,VillageRoad,240.5,541.12,236.3,49.57,1.29,1066.82,461,Select,0
D2,E1,DistrictRoad,16.7,40.08,193.64,93.79,0.97,317.68,674,Select,1
D1,E2,DistrictRoad,103.0,247.2,118.39,37.74,0.83,334.76,596,Select,1
P23,D2,PortLink,120.1,324.27,246.86,130.94,0.97,681.01,304,Premium,1
D2,E3,VillageRoad,119.2,357.6,113.42,44.88,1.09,562.33,389,Premium,1
P26,M7,PortLink,193.2,579.6,59.94,45.06,0.8,547.68,197,Select,0
D9,E2,VillageRoad,277.2,831.6,231.96,91.76,1.11,1282.41,384,Premium,1
P3,M3,PortLink,220.7,662.1,84.78,99.54,1.23,1041.1,315,Standard,0
M2,P1,Highway,305.8,440.35,77.74,46.4,1.16,654.81,254,Standard,0
P27,P3,Highway,12.0,17.28,163.27,86.74,1.26,336.79,354,Premium,1
D4,P3,VillageRoad,272.0,612.0,134.21,104.36,1.0,850.57,134,Standard,0
M4,P25,DistrictRoad,169.0,304.2,132.48,15.31,1.12,506.23,208,Standard,0
M1,P1,PortLink,6.7,18.09,186.75,18.25,1.28,285.56,145,Standard,0
P8,P9,PortLink,11.1,29.97,193.87,36.34,1.17,304.41,195,Standard,0
P24,E2,DistrictRoad,256.8,616.32,66.86,94.29,1.15,894.09,771,Select,1
P4,M6,VillageRoad,8.9,22.25,52.95,97.6,1.21,209.09,140,Select,0
M7,D9,DistrictRoad,335.4,603.72,216.98,91.34,0.96,875.56,394,Premium,1
P29,D1,DistrictRoad,55.0,99.0,209.47,54.49,1.12,406.52,522,Select,0
D1,P25,PortLink,331.0,893.7,206.92,85.02,0.95,1126.36,131,Premium,1
M2,M6,Highway,305.0,488.0,195.14,2.33,0.88,603.21,258,Premium,1
P28,P16,PortLink,138.6,374.22,125.24,115.72,0.92,565.97,331,Select,0
M5,P1,Highway,95.8,137.95,134.5,88.0,1.21,436.14,500,Standard,0
P19,P10,DistrictRoad,99.5,179.1,220.24,121.05,1.14,593.24,355,Select,0
D5,P6,PortLink,280.1,756.27,90.09,112.53,1.27,1217.79,219,Select,0
D9,P4,PortLink,165.5,446.85,91.32,38.21,1.18,680.13,297,Select,0
D5,P6,Highway,271.4,390.82,96.57,86.94,1.25,717.91,367,Select,0
D1,D3,DistrictRoad,70.3,126.54,88.46,27.1,1.15,278.41,285,Premium,1
D7,P23,PortLink,274.0,739.8,221.39,36.95,1.26,1257.66,352,Select,0
P7,P24,PortLink,276.6,746.82,81.23,89.58,0.97,890.1,365,Premium,1
P2,P7,VillageRoad,75.6,170.1,224.15,84.82,1.09,522.19,209,Select,0
E2,P18,PortLink,38.5,103.95,139.37,88.97,1.1,365.52,167,Select,0
P3,P22,DistrictRoad,348.1,626.58,125.64,4.13,0.82,620.21,289,Premium,1
P30,D2,VillageRoad,302.7,681.08,177.97,138.32,1.15,1146.98,246,Select,0
P21,D7,DistrictRoad,226.0,406.8,241.28,100.46,1.0,748.54,429,Standard,0
P24,P16,DistrictRoad,64.4,115.92,238.34,141.18,0.83,411.22,383,Standard,0
P4,P17,PortLink,24.2,65.34,78.96,113.24,1.27,327.08,446,Premium,1
P20,D8,PortLink,266.5,719.55,71.08,48.59,0.93,780.47,263,Select,0
D1,P25,DistrictRoad,157.3,283.14,211.51,137.14,1.25,789.74,339,Premium,1
P13,E4,VillageRoad,59.1,177.3,216.57,11.67,1.11,450.15,682,Premium,1
E2,P29,VillageRoad,324.4,729.9,127.02,3.26,0.84,722.55,273,Select,0
P15,D1,VillageRoad,221.7,498.82,78.55,33.25,0.83,506.81,565,Select,0
D6,P10,PortLink,305.4,824.58,103.28,61.77,0.88,870.87,238,Premium,1
P19,P22,DistrictRoad,94.9,170.82,71.85,68.43,1.04,323.54,178,Premium,1
P4,M1,DistrictRoad,198.2,396.4,217.06,17.88,1.18,744.98,286,Select,0
P17,P16,DistrictRoad,38.7,69.66,107.89,134.43,0.83,258.94,471,Select,0
P10,M1,VillageRoad,157.5,393.75,151.56,76.62,1.02,634.37,369,Select,0
P12,P24,PortLink,19.0,51.3,131.79,41.53,0.89,199.91,192,Premium,1
E2,P15,DistrictRoad,72.9,131.22,65.85,13.11,1.1,231.2,353,Select,0
P12,P14,DistrictRoad,216.3,389.34,191.55,121.74,1.09,765.87,203,Standard,0
P5,M5,PortLink,295.2,885.6,233.25,77.77,0.97,1160.72,244,Premium,1
D2,P6,VillageRoad,146.3,329.18,202.6,19.99,1.13,623.5,227,Standard,0
D7,P24,VillageRoad,61.4,138.15,124.23,89.23,0.8,281.29,366,Select,0
D4,P5,VillageRoad,128.1,288.23,98.95,124.51,1.26,644.73,498,Premium,1
P25,D7,VillageRoad,105.6,237.6,71.54,109.64,1.02,427.16,213,Premium,1
E4,D5,DistrictRoad,12.1,21.78,243.49,33.55,0.89,265.95,152,Select,0
P17,D6,VillageRoad,11.7,26.32,235.26,110.81,0.93,346.32,506,Premium,1
D7,P30,DistrictRoad,247.4,445.32,70.57,130.43,1.16,749.73,123,Select,0
P8,P30,PortLink,207.1,559.17,202.3,16.51,0.86,669.06,170,Premium,1
D8,P15,DistrictRoad,55.8,100.44,164.57,111.99,0.88,331.76,109,Premium,1
P25,M5,PortLink,211.0,633.0,170.56,5.43,1.29,1043.6,126,Select,0
P22,P26,DistrictRoad,294.3,529.74,193.11,126.45,1.08,917.24,264,Select,0
D6,P4,Highway,183.5,264.24,241.57,140.15,0.92,594.28,316,Premium,1
M1,P1,Highway,42.6,61.34,87.5,48.65,0.9,177.74,442,Standard,0
P15,P9,PortLink,339.5,916.65,205.32,140.54,1.12,1414.01,120,Standard,0
M2,D10,Highway,321.7,463.25,174.69,94.24,1.2,878.62,118,Premium,1
P7,P17,VillageRoad,184.5,415.12,136.74,142.63,0.94,652.82,256,Select,0
M2,P11,VillageRoad,25.8,58.05,241.82,138.16,1.25,547.54,143,Select,0
D8,D5,DistrictRoad,156.8,282.24,152.33,132.78,1.26,714.86,395,Select,0
P18,P16,VillageRoad,260.4,585.9,107.43,68.12,1.15,875.67,213,Premium,1
P25,P13,Highway,164.0,236.16,159.61,91.92,1.03,502.32,258,Standard,0
P16,P22,DistrictRoad,70.1,126.18,159.18,145.44,1.0,430.8,280,Standard,0
P16,P21,Highway,174.5,251.28,106.96,148.13,0.95,481.05,495,Standard,0
P11,D6,VillageRoad,214.0,481.5,119.6,98.66,1.06,741.75,425,Select,0
M8,E1,VillageRoad,184.7,554.1,247.86,101.65,1.27,1147.58,726,Select,1
M3,P23,DistrictRoad,238.0,428.4,173.26,127.5,1.21,882.28,365,Standard,0
E1,D1,Highway,275.8,397.15,191.71,137.21,0.86,624.42,152,Standard,0
P27,E2,VillageRoad,176.8,530.4,242.55,85.79,1.01,867.33,586,Premium,1
P25,P29,PortLink,104.4,281.88,120.52,52.94,1.06,482.66,404,Select,0
M2,P21,VillageRoad,276.5,622.12,219.91,74.93,1.02,935.3,194,Premium,1
P20,E4,DistrictRoad,155.3,372.72,125.4,34.79,1.21,644.82,638,Select,1
D9,P16,Highway,75.5,108.72,135.29,136.59,0.81,308.29,124,Select,0
D7,D2,Highway,322.5,464.4,204.7,80.77,1.3,974.83,364,Premium,1
M7,M4,PortLink,139.4,418.2,121.54,89.21,0.98,616.37,105,Premium,1
P5,D4,DistrictRoad,39.1,70.38,124.88,60.13,1.08,275.82,493,Standard,0
P13,P27,PortLink,143.6,387.72,203.47,134.87,1.09,791.41,454,Premium,1
M8,P6,DistrictRoad,130.1,234.18,123.33,11.26,0.96,354.02,189,Standard,0
M2,P19,Highway,288.1,414.86,248.05,133.22,1.01,804.09,180,Premium,1
P19,D3,DistrictRoad,179.2,322.56,87.62,27.36,1.12,490.04,508,Standard,0
P23,D7,VillageRoad,243.7,548.33,52.15,0.42,1.16,697.04,483,Standard,0
P20,P26,VillageRoad,207.2,466.2,183.62,29.5,1.05,713.29,383,Premium,1
P18,M2,DistrictRoad,203.2,406.4,132.22,18.23,0.88,490.03,488,Premium,1
P7,P2,VillageRoad,31.3,70.42,239.57,73.56,1.03,395.06,320,Standard,0
M2,P1,Highway,54.7,78.77,97.65,41.32,0.82,178.55,421,Standard,0
D8,P5,Highway,71.1,102.38,174.8,2.93,0.91,254.9,302,Premium,1
E1,P3,PortLink,23.8,64.26,97.66,33.43,0.88,171.91,400,Standard,0
P21,P1,PortLink,109.8,296.46,170.51,144.0,1.05,641.52,134,Standard,0
M4,P25,DistrictRoad,147.7,265.86,129.72,106.77,0.81,406.9,224,Standard,0
P12,P11,Highway,135.8,195.55,51.53,132.35,1.0,379.43,285,Standard,0
P22,D5,PortLink,120.9,326.43,180.26,144.18,1.01,657.38,379,Premium,1
P16,P25,DistrictRoad,166.1,298.98,118.9,65.34,0.94,454.23,112,Select,0
E4,P10,DistrictRoad,248.5,447.3,68.53,40.45,1.22,678.66,165,Premium,1
P29,P30,DistrictRoad,59.9,107.82,120.58,108.37,0.99,333.4,397,Standard,0
P20,D1,DistrictRoad,83.4,150.12,140.54,19.64,1.15,356.84,333,Premium,1
P29,D8,Highway,189.5,272.88,130.83,76.53,0.86,413.01,584,Standard,0
M4,D3,VillageRoad,192.2,432.45,104.08,115.76,0.99,645.77,436,Premium,1
D7,P10,Highway,10.2,14.69,192.14,104.2,1.19,370.13,218,Select,0
P13,M3,VillageRoad,28.5,71.25,232.77,120.78,1.18,501.26,198,Standard,0
M6,P20,VillageRoad,83.1,186.97,75.23,107.5,0.94,347.52,306,Select,0
E2,M1,DistrictRoad,328.2,656.4,85.28,54.99,1.2,956.0,453,Select,0
P27,P2,PortLink,90.7,244.89,219.34,52.82,1.11,573.93,193,Select,0
P8,P18,DistrictRoad,250.8,451.44,58.09,6.0,0.88,453.67,201,Select,0
P10,P25,VillageRoad,195.6,440.1,175.89,141.23,1.08,817.8,216,Premium,1
D2,M6,Highway,324.4,519.04,184.03,86.29,1.27,1002.49,514,Premium,1
P19,P3,VillageRoad,341.1,767.48,186.21,5.57,0.96,920.89,497,Select,0
M8,P6,PortLink,244.7,660.69,128.73,112.13,1.21,1090.88,243,Premium,1
P6,P23,PortLink,157.7,425.79,118.06,75.46,1.14,706.01,421,Premium,1
P29,D3,VillageRoad,238.4,536.4,91.19,100.97,1.22,888.84,598,Standard,0
D2,E1,DistrictRoad,20.1,48.24,190.55,120.86,0.93,334.47,859,Premium,1
E2,M1,DistrictRoad,192.7,385.4,99.94,8.91,0.98,484.37,310,Standard,0
P13,M1,Highway,52.3,83.68,187.25,72.97,1.04,357.66,461,Standard,0
P1,D3,PortLink,50.9,137.43,178.18,104.71,0.87,365.68,562,Standard,0
D8,D7,DistrictRoad,120.1,216.18,213.08,82.24,1.18,603.57,186,Premium,1
M3,P10,PortLink,294.6,795.42,131.22,30.95,1.15,1101.23,106,Select,0
D2,P14,VillageRoad,25.8,58.05,106.18,29.57,1.15,222.87,329,Standard,0
P11,P21,PortLink,166.7,450.09,122.6,25.21,0.84,502.24,105,Select,0
E1,D2,VillageRoad,262.8,591.3,116.35,110.85,0.93,761.21,430,Select,0
P28,D2,DistrictRoad,275.4,495.72,114.36,53.89,0.85,564.37,346,Premium,1
D10,M7,Highway,230.3,368.48,65.63,112.12,0.81,442.45,804,Standard,0
P19,P24,DistrictRoad,336.9,606.42,155.09,134.34,1.14,1021.27,152,Premium,1
P20,M8,Highway,135.9,217.44,179.46,53.44,0.92,414.31,169,Premium,1
P24,P17,DistrictRoad,24.9,44.82,71.45,120.42,1.26,298.23,461,Select,0
P4,P14,PortLink,150.9,407.43,196.15,149.35,1.1,828.22,420,Standard,0
P10,M5,DistrictRoad,61.5,123.0,138.64,145.47,0.84,341.97,120,Select,0
D1,P13,DistrictRoad,254.4,457.92,50.56,126.12,1.23,780.56,361,Select,0
P10,P19,VillageRoad,233.3,524.93,152.92,63.18,0.97,718.8,324,Standard,0
M3,P12,DistrictRoad,135.7,244.26,50.84,120.62,1.14,473.92,390,Standard,0
D1,P6,Highway,183.3,263.95,135.68,80.2,1.11,532.61,179,Select,0
D9,D10,VillageRoad,284.8,640.8,62.0,101.47,1.1,884.7,252,Premium,1
D7,P27,Highway,170.9,246.1,179.47,44.9,0.97,456.36,424,Standard,0
P13,P15,PortLink,243.5,657.45,79.38,86.86,1.08,889.59,313,Select,0
D4,P16,PortLink,141.7,382.59,72.85,27.08,1.24,598.32,380,Premium,1
P8,P15,Highway,229.1,329.9,87.51,100.54,1.15,595.64,216,Premium,1
P30,P15,VillageRoad,258.8,582.3,231.85,85.03,1.23,1105.99,447,Standard,0
E4,P29,DistrictRoad,302.9,545.22,160.11,107.19,1.18,958.77,158,Premium,1
M7,D3,VillageRoad,163.7,368.32,187.19,81.64,1.28,815.55,198,Premium,1
D1,E2,VillageRoad,52.2,156.6,205.23,8.63,0.92,340.82,681,Premium,1
P1,M5,DistrictRoad,163.6,327.2,74.11,20.34,1.25,527.06,144,Premium,1
P13,D7,VillageRoad,321.5,723.38,224.15,25.2,1.17,1138.09,374,Premium,1
M4,P1,Highway,47.3,68.11,124.6,110.59,1.27,385.19,469,Select,0
P3,D9,Highway,39.4,56.74,159.77,120.45,0.86,289.79,545,Standard,0
P17,P23,DistrictRoad,244.4,439.92,54.26,148.31,1.02,655.34,110,Select,0
P8,P5,Highway,68.9,99.22,160.85,43.51,1.14,346.08,294,Standard,0
D8,P17,Highway,332.3,478.51,52.76,51.36,0.88,512.71,356,Select,0
P3,E4,VillageRoad,30.7,92.1,174.08,96.7,1.1,399.17,787,Premium,1
M5,P29,PortLink,84.1,227.07,241.58,77.55,0.98,535.28,370,Standard,0
P20,P9,VillageRoad,77.9,175.28,213.84,109.09,0.97,483.26,339,Select,0
P23,P21,VillageRoad,120.7,271.57,146.69,33.99,0.92,416.07,411,Standard,0
M1,P10,DistrictRoad,99.1,178.38,104.67,75.0,0.93,332.99,391,Premium,1
D4,D8,DistrictRoad,347.3,625.14,56.82,84.09,1.19,911.6,202,Select,0
M1,D7,VillageRoad,130.2,292.95,106.32,119.3,1.24,643.03,172,Premium,1
P5,P20,Highway,260.1,374.54,151.78,95.28,0.98,609.17,381,Premium,1
P26,P22,VillageRoad,248.0,558.0,184.35,132.55,1.19,1041.13,357,Select,0
P16,E4,DistrictRoad,348.8,837.12,80.16,30.8,1.24,1175.62,764,Select,1
P29,P26,Highway,325.7,469.01,167.36,21.57,1.16,763.21,229,Premium,1
D7,D6,Highway,30.4,43.78,88.05,138.72,1.09,294.9,255,Premium,1
P23,P30,Highway,339.8,489.31,188.06,108.18,1.26,989.79,348,Select,0
P12,P18,Highway,193.5,278.64,201.7,93.97,0.92,528.37,110,Standard,0
P4,P26,PortLink,74.1,200.07,170.58,129.61,1.12,560.29,200,Standard,0
M7,P4,DistrictRoad,212.4,382.32,65.86,121.42,1.24,706.3,274,Premium,1
P9,P1,DistrictRoad,98.4,177.12,178.5,2.25,0.96,343.56,114,Standard,0
M8,P2,PortLink,144.8,390.96,185.79,50.67,0.83,520.76,312,Standard,0
P6,M1,Highway,272.7,436.32,247.56,59.93,1.27,944.64,106,Standard,0
P21,D7,Highway,24.3,34.99,172.79,108.62,0.96,303.74,247,Standard,0
P10,P14,DistrictRoad,187.7,337.86,218.12,53.68,0.98,597.47,276,Premium,1
M4,D8,DistrictRoad,231.8,417.24,170.31,49.63,1.17,745.5,232,Premium,1
D1,E1,VillageRoad,272.7,818.1,111.85,115.89,1.29,1349.13,764,Select,1
P24,D4,Highway,50.5,72.72,51.81,71.36,1.13,221.36,596,Select,0
P10,M1,DistrictRoad,143.3,286.6,245.82,140.54,1.11,746.99,162,Standard,0
D5,D3,DistrictRoad,196.6,353.88,86.36,140.96,0.98,569.58,176,Standard,0
M8,E2,DistrictRoad,187.3,449.52,120.17,106.44,1.02,689.65,810,Premium,1
M1,P23,PortLink,163.7,441.99,114.77,135.53,0.85,588.45,475,Standard,0
P5,E4,PortLink,237.6,855.36,120.14,34.22,0.99,999.62,684,Premium,1
P2,P17,VillageRoad,95.5,214.88,136.76,34.71,0.9,347.71,488,Select,0
M2,P18,Highway,308.4,444.1,149.72,147.2,1.2,889.22,344,Select,0
E1,P9,Highway,102.5,147.6,116.31,72.83,1.25,420.92,182,Select,0
M4,D10,PortLink,78.2,211.14,60.43,117.33,1.23,478.35,476,Select,0
P3,E2,PortLink,67.9,244.44,222.79,149.22,0.95,585.63,325,Premium,1
P10,P1,DistrictRoad,319.5,575.1,80.16,110.4,0.85,650.81,186,Select,0
M4,P26,VillageRoad,147.9,332.78,178.43,99.8,1.0,611.01,271,Standard,0
D8,P16,DistrictRoad,278.3,500.94,187.89,5.68,1.05,729.24,218,Premium,1
P28,M5,VillageRoad,256.3,640.75,59.66,134.1,0.83,692.64,156,Standard,0
D2,P9,PortLink,5.9,15.93,94.78,81.07,1.12,214.79,379,Premium,1
P8,D4,Highway,294.7,424.37,241.45,11.6,1.29,873.87,314,Premium,1
P5,P18,DistrictRoad,10.2,18.36,103.8,144.95,0.9,240.4,124,Select,0
E3,D6,Highway,97.2,139.97,115.14,6.21,1.03,269.16,244,Premium,1
P22,M5,PortLink,343.9,1031.7,224.81,107.66,1.0,1364.17,262,Premium,1
P27,P25,DistrictRoad,138.5,249.3,127.08,61.5,0.87,380.96,425,Standard,0
P16,D9,Highway,244.3,351.79,196.0,148.65,1.21,842.69,539,Standard,0
P6,D10,VillageRoad,318.4,716.4,59.9,104.13,0.96,845.21,530,Select,0
D6,M3,Highway,162.1,259.36,165.54,71.02,1.12,555.43,881,Premium,1
P22,D8,PortLink,85.9,231.93,175.9,111.5,0.99,514.14,564,Standard,0
P26,D4,Highway,216.4,311.62,185.44,48.32,1.11,605.37,478,Premium,1
P15,D10,Highway,95.5,137.52,218.2,128.66,0.97,469.85,501,Select,0
D7,P15,DistrictRoad,27.7,49.86,201.45,54.61,0.9,275.33,186,Select,0
P16,M4,DistrictRoad,57.6,115.2,182.36,26.66,1.27,411.76,433,Standard,0
P21,P25,Highway,292.1,420.62,213.55,18.46,0.88,574.31,228,Select,0
P7,P24,Highway,233.7,336.53,154.52,45.36,1.13,606.14,240,Select,0
P19,P29,VillageRoad,160.0,360.0,145.67,119.74,1.18,737.98,176,Standard,0
M4,P9,Highway,173.6,249.98,182.05,93.41,1.06,556.97,295,Select,0
P2,D6,DistrictRoad,5.3,9.54,101.93,88.59,0.95,190.06,478,Select,0
P21,P17,DistrictRoad,96.6,173.88,137.61,78.78,1.05,409.78,145,Standard,0
P9,P28,Highway,218.2,314.21,124.32,6.59,1.02,454.02,287,Standard,0
M6,E1,Highway,339.6,652.03,136.19,91.12,0.93,817.79,544,Select,1
D8,P9,DistrictRoad,342.3,616.14,220.34,87.03,0.83,766.51,204,Select,0
P5,P6,PortLink,135.9,366.93,155.16,74.49,1.25,745.73,487,Standard,0
P7,D8,PortLink,327.6,884.52,190.19,65.42,1.3,1482.17,290,Standard,0
P29,P26,PortLink,51.7,139.59,200.56,1.43,0.92,314.25,202,Select,0
D5,P3,Highway,196.1,282.38,203.85,115.48,0.86,517.47,213,Standard,0
D7,P1,VillageRoad,176.4,396.9,219.63,32.35,1.03,668.35,448,Standard,0
M6,P22,PortLink,302.7,817.29,160.08,112.19,1.22,1329.26,171,Select,0
P4,M1,DistrictRoad,115.6,231.2,88.05,147.33,0.89,415.26,375,Select,0
D4,P17,VillageRoad,113.0,254.25,101.0,128.83,1.08,522.81,361,Select,0
M4,P4,Highway,110.0,158.4,223.36,120.3,1.23,617.53,231,Select,0
P13,P9,VillageRoad,76.6,172.35,180.45,139.87,1.13,556.72,463,Premium,1
P10,P24,Highway,74.1,106.7,233.88,83.42,0.83,351.92,260,Standard,0
D5,P5,PortLink,333.2,899.64,214.68,5.3,0.91,1018.85,324,Select,0
P13,M6,DistrictRoad,281.8,563.6,168.42,68.19,1.27,1016.27,327,Standard,0
P14,P4,DistrictRoad,154.6,278.28,177.85,7.34,1.23,570.07,136,Premium,1
D2,P12,VillageRoad,323.2,727.2,162.21,120.1,1.05,1059.99,445,Premium,1
M4,M8,Highway,281.7,450.72,156.89,23.84,1.19,751.43,466,Standard,0
D4,P7,PortLink,37.9,102.33,206.85,142.63,1.01,456.33,437,Select,0
M6,P29,PortLink,58.4,157.68,61.33,104.36,0.82,265.16,328,Select,0
E1,P15,Highway,248.9,358.42,193.87,46.43,0.93,556.81,380,Standard,0
P10,E4,DistrictRoad,140.1,336.24,56.59,57.0,1.12,503.81,528,Premium,1
P13,P30,DistrictRoad,256.2,461.16,135.97,101.84,0.86,601.11,280,Standard,0
M3,P14,VillageRoad,105.3,236.93,119.59,112.56,1.05,492.53,147,Standard,0
D2,P18,Highway,211.2,304.13,158.14,13.27,0.87,413.72,238,Standard,0
D8,P20,VillageRoad,205.1,461.48,70.13,0.2,0.9,478.63,177,Premium,1
P20,P4,DistrictRoad,119.9,215.82,139.92,37.11,1.17,459.63,191,Standard,0
E3,P20,VillageRoad,254.7,573.08,141.0,112.04,0.86,710.46,182,Premium,1
P26,P30,VillageRoad,16.6,37.35,152.67,14.58,1.12,229.15,167,Select,0
D7,P23,VillageRoad,134.3,302.18,182.63,24.58,0.88,448.26,146,Select,0
P1,M2,PortLink,109.7,329.1,102.26,15.98,0.92,411.55,178,Select,0
P18,D5,VillageRoad,116.9,263.03,99.19,85.26,0.82,366.93,331,Select,0
P13,P19,PortLink,196.6,530.82,247.61,136.26,1.16,1061.04,373,Premium,1
P16,P7,VillageRoad,41.5,93.38,60.73,118.75,1.15,313.79,207,Premium,1
M8,P15,VillageRoad,263.8,593.55,80.73,39.63,0.82,585.41,301,Premium,1
D4,P8,Highway,201.6,290.3,74.15,99.58,0.91,422.27,224,Premium,1
E2,E3,VillageRoad,288.4,865.2,64.61,50.59,0.85,833.34,520,Premium,1
P20,P22,VillageRoad,284.6,640.35,142.36,138.13,0.81,745.88,310,Select,0
P3,P6,DistrictRoad,56.1,100.98,152.28,25.07,1.2,334.0,494,Standard,0
P14,P13,DistrictRoad,241.7,435.06,191.72,10.03,0.8,509.45,345,Standard,0
D2,D4,Highway,318.3,458.35,200.29,95.46,0.9,678.69,420,Standard,0
P24,E3,PortLink,36.9,132.84,193.49,52.38,0.88,333.26,804,Select,1
P9,P17,Highway,317.2,456.77,198.99,124.87,1.2,936.76,402,Standard,0
P28,P25,Highway,263.1,378.86,168.72,98.28,1.12,723.36,134,Select,0
E1,P15,DistrictRoad,73.3,131.94,141.58,35.5,1.05,324.47,450,Premium,1
P4,P26,PortLink,278.8,752.76,186.57,141.26,1.21,1307.51,307,Standard,0
P15,M2,Highway,233.8,374.08,230.83,63.99,0.95,635.45,253,Select,0
D9,P2,VillageRoad,308.0,693.0,145.08,61.62,0.95,854.72,174,Select,0
D5,P14,VillageRoad,127.0,285.75,218.91,92.89,0.95,567.67,145,Select,0
P12,M5,PortLink,145.6,436.8,157.64,36.26,0.91,573.94,421,Standard,0
P25,P12,PortLink,98.7,266.49,241.54,54.36,0.91,511.77,412,Select,0
P20,D2,Highway,334.7,481.97,151.35,148.28,0.89,695.62,283,Select,0
D4,P1,VillageRoad,299.5,673.88,70.75,36.88,1.08,844.03,436,Select,0
M8,P23,VillageRoad,344.7,775.58,196.91,112.97,1.13,1226.57,169,Select,0
M3,P27,VillageRoad,182.4,410.4,116.23,39.95,0.95,538.25,256,Premium,1
M6,M1,PortLink,328.5,985.5,211.74,8.95,1.13,1362.99,352,Select,0
M5,P2,VillageRoad,306.9,690.52,227.61,17.86,0.99,926.63,259,Premium,1
P10,M7,PortLink,17.1,51.3,115.04,20.55,1.28,239.22,238,Standard,0
P13,D8,VillageRoad,349.2,785.7,84.72,88.44,1.29,1236.93,521,Standard,0
P19,E2,VillageRoad,150.1,450.3,245.63,97.32,1.2,951.9,689,Select,1
M6,P24,Highway,116.8,168.19,216.7,74.36,0.82,376.58,372,Select,0
P9,P13,VillageRoad,60.9,137.03,197.67,25.6,0.96,345.89,127,Premium,1
P20,P25,Highway,336.9,485.14,87.43,46.41,1.27,786.1,201,Premium,1
P21,P29,PortLink,42.4,114.48,102.04,59.1,0.99,272.86,341,Select,0
P8,P14,PortLink,177.9,480.33,131.65,23.98,1.25,794.95,122,Standard,0
P18,E1,PortLink,233.2,839.52,219.62,61.76,0.84,941.56,701,Select,1
M6,P26,Highway,298.7,430.13,74.22,67.45,0.81,463.16,372,Premium,1
D7,P20,Highway,212.7,306.29,121.96,147.07,1.24,713.4,380,Standard,0
E1,D9,PortLink,292.9,790.83,192.36,139.51,0.88,987.98,190,Premium,1
M1,M8,VillageRoad,272.2,680.5,128.9,141.05,1.17,1112.03,274,Select,0
P26,D2,Highway,125.7,181.01,87.15,130.74,1.07,426.82,466,Select,0
M3,P19,DistrictRoad,78.5,141.3,186.38,138.68,0.83,387.08,101,Premium,1
M3,P16,PortLink,144.3,389.61,164.74,41.07,1.22,726.41,167,Standard,0
P15,M3,DistrictRoad,177.7,355.4,229.67,134.82,1.17,842.27,432,Select,0
P19,P9,PortLink,216.3,584.01,105.02,10.1,1.1,769.04,360,Select,0
D9,P14,DistrictRoad,111.7,201.06,121.95,85.35,1.24,506.37,140,Select,0
P2,M5,VillageRoad,47.0,117.5,240.78,32.76,1.03,402.77,491,Standard,0
P29,P18,VillageRoad,342.2,769.95,168.05,89.35,0.82,842.43,375,Select,0
P8,D1,DistrictRoad,106.5,191.7,237.25,144.71,1.07,613.82,317,Standard,0
D6,E3,DistrictRoad,102.2,245.28,244.78,86.63,1.16,668.96,528,Premium,1
P2,E4,Highway,151.2,290.3,62.61,94.5,1.16,519.0,898,Premium,1
P26,P25,PortLink,83.1,224.37,223.53,149.35,1.2,716.7,372,Select,0
M3,P17,VillageRoad,226.4,509.4,165.12,64.7,1.28,946.2,462,Premium,1
P30,P13,Highway,217.4,313.06,72.38,24.84,1.18,484.13,139,Premium,1
D4,P2,PortLink,273.2,737.64,208.05,111.46,1.19,1258.01,203,Premium,1
E1,M5,Highway,262.9,420.64,239.66,137.99,1.16,926.02,468,Standard,0
P5,P23,DistrictRoad,149.2,268.56,217.09,96.24,1.17,680.81,375,Select,0
D6,P23,DistrictRoad,200.1,360.18,113.14,53.19,0.85,447.53,478,Standard,0
M5,P23,PortLink,315.1,850.77,210.9,68.26,0.85,960.44,154,Standard,0
P24,E2,PortLink,172.7,621.72,66.55,50.65,0.96,709.36,431,Premium,1
D4,D7,Highway,180.2,259.49,91.86,37.79,0.81,315.2,198,Premium,1
P18,D4,PortLink,272.2,734.94,195.15,24.14,1.25,1192.79,423,Standard,0
P9,P1,VillageRoad,78.8,177.3,167.07,56.84,0.8,320.97,144,Select,0
E2,P3,DistrictRoad,311.7,561.06,156.84,10.65,0.96,699.41,419,Premium,1
P30,D2,DistrictRoad,7.5,13.5,90.89,53.19,1.24,195.4,250,Premium,1
P9,P13,PortLink,162.5,438.75,167.11,95.46,1.15,806.52,325,Standard,0
D7,M7,VillageRoad,302.3,755.75,83.79,97.79,1.23,1152.92,645,Premium,1
M2,D1,PortLink,214.0,577.8,73.68,74.7,0.99,718.92,458,Standard,0
E4,P15,VillageRoad,140.3,315.68,207.61,123.57,1.12,724.48,479,Premium,1
P3,P16,VillageRoad,318.3,716.18,90.03,0.14,1.03,830.54,305,Standard,0
P15,E2,VillageRoad,326.0,978.0,177.73,137.89,0.93,1203.07,457,Select,1
P2,D1,VillageRoad,267.0,600.75,226.47,14.49,0.87,732.29,470,Standard,0
D10,D3,Highway,41.5,59.76,207.39,133.45,1.26,504.76,101,Standard,0
P2,D6,VillageRoad,178.4,401.4,173.97,89.18,1.2,797.46,239,Premium,1
P4,M3,Highway,162.7,260.32,184.14,83.98,0.9,475.6,195,Premium,1
E4,P30,DistrictRoad,47.1,84.78,180.01,31.07,1.01,298.82,156,Premium,1
P6,D5,Highway,238.8,343.87,67.57,35.84,1.24,554.63,251,Standard,0
P24,P18,Highway,111.7,160.85,109.14,74.12,1.09,375.08,271,Standard,0
P1,P6,VillageRoad,20.0,45.0,186.58,115.1,0.91,315.48,297,Select,0
P27,D10,DistrictRoad,321.2,578.16,196.54,119.48,1.26,1126.67,230,Premium,1
M7,P2,DistrictRoad,298.2,536.76,136.15,131.72,0.89,716.12,250,Select,0
P17,M6,DistrictRoad,92.2,184.4,110.11,52.27,0.96,332.91,148,Standard,0
P29,P11,PortLink,268.0,723.6,217.36,149.14,1.18,1286.32,240,Standard,0
P1,P27,VillageRoad,122.5,275.62,158.79,53.52,1.21,590.4,100,Standard,0
P22,E3,VillageRoad,188.5,565.5,70.97,123.82,0.96,729.88,645,Select,1
P5,D5,VillageRoad,338.1,760.73,82.22,79.64,1.12,1033.3,475,Standard,0
P27,D4,VillageRoad,228.5,514.12,93.61,113.26,1.24,894.03,565,Select,0
P28,M6,VillageRoad,346.4,866.0,85.26,65.7,1.14,1159.33,453,Premium,1
P19,E1,PortLink,90.7,326.52,101.43,4.15,1.15,496.91,514,Select,1
D10,M2,DistrictRoad,231.4,462.8,169.57,104.24,0.95,699.78,465,Premium,1
P5,D5,VillageRoad,30.3,68.17,64.9,83.59,1.16,251.33,531,Premium,1
M5,P18,PortLink,66.4,179.28,70.02,45.47,1.0,294.77,453,Standard,0
P29,M7,VillageRoad,302.2,755.5,142.13,48.4,0.9,851.43,298,Standard,0
P7,P14,Highway,236.4,340.42,105.53,1.47,0.89,398.2,145,Standard,0
E3,M3,Highway,233.1,372.96,86.12,21.55,0.85,408.54,129,Select,0
P17,M2,VillageRoad,201.5,503.75,94.65,9.72,0.81,492.58,166,Select,0
P24,D5,DistrictRoad,52.7,94.86,207.6,37.75,0.98,333.41,467,Premium,1
P8,P16,DistrictRoad,103.4,186.12,126.15,114.72,0.91,388.56,199,Standard,0
E1,P25,Highway,88.1,126.86,228.57,39.44,0.8,315.9,150,Premium,1
P25,P24,DistrictRoad,102.2,183.96,144.52,73.11,0.85,341.35,384,Premium,1
D2,P6,PortLink,45.6,123.12,145.9,26.07,0.92,271.48,325,Standard,0
P8,P13,VillageRoad,96.8,217.8,138.78,35.86,0.97,380.67,129,Standard,0
D3,P15,PortLink,261.8,706.86,162.57,130.53,1.28,1279.95,292,Standard,0
P4,P28,VillageRoad,87.7,197.33,84.13,129.7,0.91,374.16,142,Select,0
P17,P30,PortLink,275.8,744.66,76.35,121.01,1.12,1055.06,150,Standard,0
P18,M3,Highway,28.5,45.6,190.69,71.25,0.93,286.01,360,Standard,0
M1,M2,VillageRoad,227.0,567.5,187.38,4.83,1.12,850.88,495,Select,0
M3,D9,DistrictRoad,229.6,413.28,79.01,120.55,1.27,778.31,479,Standard,0
P24,M3,DistrictRoad,246.4,492.8,53.13,68.77,1.16,713.05,330,Standard,0
P3,P19,PortLink,341.5,922.05,217.85,45.67,0.96,1138.15,202,Standard,0
P26,P2,DistrictRoad,9.4,16.92,239.68,34.97,1.04,303.23,361,Premium,1
D2,M4,DistrictRoad,219.3,438.6,93.28,125.09,0.9,591.27,867,Select,0
P15,E1,Highway,16.0,30.72,85.5,61.96,1.15,204.91,882,Select,1
E2,P11,DistrictRoad,290.7,523.26,50.03,91.13,0.93,617.91,332,Select,0
M6,P25,DistrictRoad,95.1,171.18,162.42,41.08,1.01,378.43,170,Premium,1
P9,D8,Highway,310.9,447.7,61.39,35.15,0.88,478.93,499,Select,0
E3,P27,Highway,311.5,448.56,182.34,129.03,1.28,972.71,237,Premium,1
P27,P7,VillageRoad,155.3,349.43,213.92,145.12,1.25,885.59,136,Select,0
E1,P12,DistrictRoad,149.9,269.82,155.88,127.32,1.2,663.62,434,Premium,1
D3,D8,VillageRoad,159.0,357.75,149.92,79.56,1.14,669.44,289,Premium,1
D6,P13,PortLink,31.2,84.24,229.51,85.55,0.89,355.38,454,Select,0
M2,P16,PortLink,131.4,354.78,154.77,101.61,0.84,513.37,479,Standard,0
D10,M4,PortLink,78.3,234.9,115.62,138.02,1.02,498.31,748,Premium,1
E1,M6,DistrictRoad,165.6,331.2,114.85,145.68,1.29,763.33,145,Standard,0
D5,P27,PortLink,336.7,909.09,230.02,34.87,1.17,1373.56,284,Select,0
M3,D2,Highway,49.0,70.56,94.51,32.24,0.93,183.5,118,Premium,1
P9,P26,PortLink,228.0,615.6,143.91,68.12,0.97,802.8,377,Select,0
P23,M6,PortLink,113.5,340.5,212.27,103.97,1.14,748.68,499,Standard,0
P26,P24,VillageRoad,337.1,758.48,203.36,125.33,1.12,1217.63,424,Standard,0
M6,D8,DistrictRoad,132.4,238.32,220.06,97.31,0.88,489.01,133,Premium,1
P30,M3,VillageRoad,73.4,183.5,53.0,80.23,1.16,367.41,239,Standard,0
P5,E4,VillageRoad,293.8,881.4,67.16,37.34,0.89,877.45,478,Select,1
M6,E3,DistrictRoad,11.7,28.08,72.85,140.19,1.28,308.63,452,Select,1
P22,P5,Highway,115.5,166.32,133.48,71.83,0.93,345.62,128,Standard,0
P17,P11,Highway,36.5,52.56,174.81,104.49,0.93,308.63,473,Select,0
P22,D3,PortLink,53.7,144.99,171.04,148.44,1.2,557.36,584,Standard,0
M5,P28,PortLink,106.8,288.36,53.33,46.71,0.84,326.26,341,Standard,0
P5,D8,DistrictRoad,71.0,127.8,191.55,120.6,1.2,527.94,318,Premium,1
P6,M3,PortLink,199.9,599.7,77.64,28.91,1.09,769.81,155,Premium,1
P30,P16,Highway,177.9,256.18,154.37,49.78,0.83,382.07,217,Premium,1
P2,P15,Highway,78.0,112.32,193.58,68.14,0.9,336.64,194,Standard,0
P20,M3,Highway,50.3,80.48,62.4,69.44,0.97,205.95,460,Premium,1
M4,M5,Highway,141.8,226.88,154.58,45.96,1.19,508.63,261,Standard,0
P19,P4,Highway,182.2,262.37,80.25,139.75,1.24,598.14,336,Standard,0
P13,P21,VillageRoad,275.8,620.55,193.67,130.49,1.14,1076.97,343,Premium,1
P20,E2,VillageRoad,41.6,124.8,64.01,58.05,1.04,256.73,558,Premium,1
P29,P21,PortLink,328.6,887.22,133.68,105.77,1.07,1205.54,499,Premium,1
P21,D10,VillageRoad,41.2,92.7,141.15,95.52,0.94,309.61,219,Premium,1
P9,P5,PortLink,241.0,650.7,57.02,98.64,1.23,991.82,438,Select,0
P28,D4,VillageRoad,55.0,123.75,189.49,107.38,1.17,492.13,216,Select,0
E2,M3,DistrictRoad,187.9,375.8,190.03,47.4,1.21,742.01,409,Select,0
P11,P16,DistrictRoad,138.5,249.3,211.38,106.19,0.98,555.53,224,Select,0
D6,P8,VillageRoad,94.6,212.85,198.13,133.76,1.25,680.92,342,Standard,0
P12,D9,Highway,266.8,384.19,128.64,30.28,1.19,646.3,583,Standard,0
D2,P7,Highway,281.7,405.65,55.53,76.92,1.21,651.1,456,Standard,0
D10,P21,Highway,64.6,93.02,198.95,51.24,0.89,305.46,314,Standard,0
P1,P15,Highway,8.6,12.38,202.69,90.98,1.25,382.56,267,Standard,0
P21,P18,Highway,109.0,156.96,173.57,59.16,0.94,366.31,216,Standard,0
M4,P27,DistrictRoad,286.9,516.42,178.84,7.83,1.24,871.83,187,Standard,0
P20,P17,Highway,136.3,196.27,217.94,20.04,1.07,464.65,272,Premium,1
P4,P23,DistrictRoad,297.5,535.5,225.77,20.86,1.27,993.31,481,Premium,1
D5,M2,VillageRoad,278.8,697.0,218.53,146.88,1.27,1349.26,881,Select,0
E3,M8,DistrictRoad,256.7,513.4,122.18,9.6,0.86,554.85,113,Standard,0
P15,P24,VillageRoad,217.2,488.7,149.57,7.88,1.23,794.76,427,Select,0
P20,E4,PortLink,334.2,1203.12,111.98,94.85,1.25,1762.44,781,Select,1
P23,M7,Highway,260.0,416.0,120.45,137.18,1.1,740.99,365,Standard,0
D1,P29,PortLink,9.1,24.57,241.15,34.06,0.9,269.8,377,Select,0
M3,M5,VillageRoad,230.9,577.25,163.67,69.23,1.08,874.96,112,Premium,1
P9,P28,VillageRoad,68.4,153.9,108.2,77.28,1.17,397.07,151,Standard,0
E3,M8,VillageRoad,80.6,201.5,226.62,148.87,1.02,588.53,294,Premium,1
M6,P5,PortLink,74.6,201.42,110.35,49.36,1.17,422.52,195,Select,0
D5,E1,VillageRoad,235.6,706.8,78.65,143.5,1.3,1207.63,874,Premium,1
P12,P2,VillageRoad,304.6,685.35,122.34,138.6,0.9,851.66,111,Premium,1
P14,D3,PortLink,326.8,882.36,161.99,21.55,1.12,1193.81,215,Select,0
P9,D9,Highway,213.4,307.3,96.76,32.47,1.11,484.55,227,Standard,0
E2,P1,Highway,316.6,455.9,83.09,117.42,1.07,702.36,218,Premium,1
P12,P15,DistrictRoad,316.9,570.42,90.4,87.83,1.16,868.43,483,Select,0
M6,D9,DistrictRoad,99.0,178.2,217.67,138.76,0.83,443.74,100,Select,0
P6,P5,PortLink,54.0,145.8,141.99,95.81,1.3,498.68,272,Select,0
E2,M7,DistrictRoad,348.8,697.6,95.54,130.39,0.98,905.06,323,Select,0
P20,P11,DistrictRoad,158.7,285.66,78.51,88.46,0.86,389.26,251,Standard,0
P27,D1,PortLink,270.2,729.54,168.41,70.96,0.94,910.78,465,Standard,0
D1,D8,DistrictRoad,177.6,319.68,96.58,52.77,0.99,464.34,135,Select,0
P7,P23,PortLink,120.8,326.16,190.99,126.04,1.12,720.37,338,Premium,1
D6,P1,VillageRoad,298.1,670.73,195.69,53.17,1.11,1020.74,447,Select,0
P28,D10,Highway,59.0,84.96,180.48,111.99,0.8,301.94,551,Standard,0
M1,P24,PortLink,277.9,750.33,168.0,101.59,0.97,989.32,180,Premium,1
D6,P26,DistrictRoad,103.6,186.48,77.2,135.66,1.29,515.15,415,Select,0
E4,D1,PortLink,176.0,475.2,122.69,134.27,0.97,710.2,372,Select,0
M1,D1,VillageRoad,119.8,269.55,127.42,91.37,1.19,581.12,233,Standard,0
P24,E4,PortLink,28.2,101.52,212.08,94.25,0.81,330.36,640,Select,1
D2,P11,PortLink,12.5,33.75,88.63,8.92,1.2,157.56,175,Select,0
P4,P28,Highway,47.1,67.82,244.24,136.04,0.85,380.88,173,Premium,1
D6,P6,DistrictRoad,154.7,278.46,88.59,112.21,1.23,589.49,297,Select,0
P6,M1,DistrictRoad,211.0,422.0,245.36,5.71,0.83,558.65,163,Standard,0
P2,P21,DistrictRoad,43.8,78.84,82.41,27.14,1.1,207.23,444,Standard,0
P24,P8,PortLink,117.2,316.44,131.8,66.92,1.04,535.77,112,Premium,1
M6,P12,DistrictRoad,67.1,120.78,80.45,52.65,1.17,297.04,130,Select,0
D4,D10,VillageRoad,275.2,619.2,159.47,132.66,0.81,738.18,324,Standard,0
D9,M1,Highway,232.8,372.48,152.27,22.12,0.82,448.43,974,Premium,1
P10,D2,DistrictRoad,242.5,436.5,81.32,96.92,1.05,645.48,559,Premium,1
P1,E4,Highway,147.9,283.97,183.86,85.48,1.16,641.84,718,Select,1
D1,D8,DistrictRoad,114.1,205.38,125.32,40.34,1.25,463.8,440,Premium,1
P1,D8,Highway,114.8,165.31,201.51,39.34,1.11,450.84,281,Premium,1
D5,D2,Highway,301.2,433.73,247.75,73.81,1.21,913.9,123,Standard,0
P28,E1,VillageRoad,202.8,608.4,231.44,87.98,1.01,937.1,304,Premium,1
D8,E2,DistrictRoad,40.5,97.2,105.33,17.05,1.24,272.28,752,Select,1
P6,M7,PortLink,228.8,686.4,69.52,74.08,1.16,962.8,209,Standard,0
M2,P17,Highway,274.8,395.71,91.14,76.19,1.05,591.19,369,Select,0
E2,D7,Highway,162.4,233.86,222.72,60.19,1.28,661.47,342,Standard,0
P3,M8,DistrictRoad,284.9,569.8,109.03,90.29,1.23,946.02,477,Premium,1
P9,P23,PortLink,301.0,812.7,101.94,75.96,1.02,1010.41,113,Standard,0
P6,E3,VillageRoad,79.3,237.9,170.15,131.41,0.84,453.15,597,Select,1
D9,P12,DistrictRoad,227.6,409.68,201.56,96.76,1.22,863.76,233,Select,0
P15,D1,DistrictRoad,91.3,164.34,232.52,33.17,1.25,537.54,513,Select,0
E2,P5,PortLink,188.9,510.03,220.97,66.53,0.85,677.9,340,Select,0
M4,P4,PortLink,85.1,229.77,142.66,123.44,1.28,634.71,232,Standard,0
D4,M4,VillageRoad,196.2,490.5,131.03,25.16,0.87,562.62,881,Select,0
D2,P18,Highway,39.1,56.3,149.5,146.12,0.96,337.84,275,Standard,0
P24,P25,VillageRoad,343.7,773.33,78.07,87.34,1.28,1201.59,297,Premium,1
D6,P12,Highway,270.8,389.95,113.57,68.75,1.28,732.51,333,Premium,1
P24,D7,Highway,170.8,245.95,235.91,29.67,1.28,654.76,540,Premium,1
P12,P24,DistrictRoad,213.7,384.66,110.06,145.39,0.92,588.9,400,Standard,0
P27,P1,DistrictRoad,195.8,352.44,91.15,76.12,0.86,446.95,221,Premium,1
P8,M4,Highway,324.7,519.52,248.42,101.73,1.16,1008.82,100,Select,0
P4,P28,VillageRoad,339.3,763.43,112.6,85.27,0.8,769.04,312,Select,0
M6,D8,DistrictRoad,9.5,17.1,90.55,26.89,1.22,164.14,152,Standard,0
P8,P18,Highway,237.8,342.43,126.83,148.9,0.81,500.71,405,Premium,1
P28,P8,Highway,182.5,262.8,135.56,130.62,0.81,428.47,113,Standard,0
P28,D10,PortLink,60.6,163.62,195.21,82.69,0.98,432.69,389,Select,0
D5,P10,DistrictRoad,59.6,107.28,79.87,88.28,1.2,330.52,181,Select,0
D3,D7,VillageRoad,198.4,446.4,132.54,81.54,0.81,534.99,129,Standard,0
P28,P9,DistrictRoad,324.4,583.92,51.15,134.3,0.98,753.98,496,Standard,0
D1,D8,PortLink,153.1,413.37,145.27,6.24,1.29,728.7,125,Select,0
D3,P16,VillageRoad,213.4,480.15,86.18,10.43,0.84,484.48,269,Standard,0
P22,M2,VillageRoad,151.1,377.75,111.7,76.82,1.27,719.16,225,Premium,1
P10,P12,Highway,154.0,221.76,236.3,15.92,1.06,502.42,184,Premium,1
P3,D2,VillageRoad,346.5,779.62,196.98,111.33,1.21,1316.4,229,Select,0
D3,P3,Highway,21.5,30.96,154.18,112.21,0.9,267.62,307,Standard,0
P15,M3,DistrictRoad,154.5,309.0,182.25,13.72,1.25,631.21,101,Premium,1
P15,M3,PortLink,39.8,119.4,131.59,80.43,0.94,311.53,286,Select,0
P16,P18,Highway,81.8,117.79,130.15,103.26,1.02,358.22,179,Standard,0
P5,P4,DistrictRoad,346.8,624.24,233.99,14.98,1.05,916.87,350,Select,0
P13,P7,PortLink,199.1,537.57,139.58,9.52,1.09,748.47,342,Standard,0
P10,P5,PortLink,155.9,420.93,182.0,3.77,0.89,539.96,468,Standard,0
E3,M6,VillageRoad,43.9,109.75,114.41,8.06,1.09,253.12,470,Select,0
P23,P11,Highway,145.3,209.23,215.5,24.27,1.02,457.98,191,Standard,0
P9,P6,PortLink,303.3,818.91,177.35,23.31,1.24,1264.27,467,Standard,0
P8,E4,PortLink,36.7,132.12,94.2,22.95,1.24,309.09,386,Select,1
D8,P21,PortLink,339.4,916.38,178.82,142.18,1.08,1336.37,200,Select,0
D4,P14,PortLink,256.0,691.2,75.27,53.21,1.08,885.25,213,Premium,1
P18,M3,DistrictRoad,178.8,357.6,133.76,99.62,0.89,525.97,372,Select,0
P18,P8,PortLink,274.5,741.15,153.48,37.34,1.26,1174.28,361,Premium,1
P25,D5,Highway,106.1,152.78,216.0,4.78,0.93,347.41,364,Premium,1
M4,P14,PortLink,302.4,816.48,191.85,68.25,0.84,904.33,284,Premium,1
M2,P14,DistrictRoad,344.2,619.56,136.43,110.26,0.93,805.61,287,Premium,1
P2,P18,VillageRoad,122.9,276.53,131.93,65.62,1.1,521.49,443,Select,0
E4,E3,DistrictRoad,122.4,293.76,144.45,107.95,1.17,639.01,490,Select,1
P7,P24,DistrictRoad,98.1,176.58,147.44,106.81,1.25,538.54,315,Select,0
P19,P27,DistrictRoad,113.3,203.94,244.84,27.51,0.88,419.14,243,Standard,0
M4,P16,Highway,17.7,25.49,84.61,8.08,1.01,119.36,177,Select,0
D3,P8,VillageRoad,316.5,712.12,137.91,59.62,1.1,1000.62,230,Standard,0
P26,P25,DistrictRoad,135.9,244.62,52.22,55.76,1.18,416.07,270,Standard,0
M4,P3,DistrictRoad,76.4,137.52,165.88,85.91,0.92,358.17,150,Standard,0
M6,P16,DistrictRoad,167.6,301.68,204.45,132.31,0.86,549.06,392,Select,0
D4,M2,VillageRoad,181.0,452.5,74.47,31.92,0.96,536.53,826,Select,0
P1,P15,VillageRoad,119.5,268.88,129.89,98.08,1.01,501.82,270,Premium,1
P16,P25,VillageRoad,184.3,414.68,160.03,45.56,1.03,638.88,465,Select,0
P30,P1,VillageRoad,233.9,526.27,142.39,89.85,0.89,675.07,406,Select,0
D6,P25,DistrictRoad,280.9,505.62,70.92,39.0,1.18,726.34,325,Standard,0
P20,P30,DistrictRoad,244.1,439.38,63.5,135.75,0.89,568.38,102,Select,0
P27,D3,PortLink,104.8,282.96,190.4,77.42,1.29,710.51,286,Standard,0
D3,D4,PortLink,44.3,119.61,108.05,81.16,0.91,281.03,298,Select,0
P22,D9,Highway,103.0,148.32,66.89,143.28,0.98,351.32,258,Select,0
M3,D5,Highway,52.5,75.6,184.8,17.09,0.88,244.19,111,Select,0
P15,P26,VillageRoad,60.9,137.03,182.5,99.72,1.02,427.63,307,Select,0
P15,P12,PortLink,61.8,166.86,233.37,122.26,0.83,433.67,292,Standard,0
P21,M4,PortLink,238.1,714.3,149.4,70.85,0.9,841.1,188,Standard,0
M2,P12,DistrictRoad,94.3,169.74,178.91,20.42,1.11,409.67,187,Premium,1
D3,P21,Highway,195.0,280.8,76.8,72.51,1.11,477.42,168,Select,0
M4,P13,DistrictRoad,236.8,426.24,198.6,47.96,0.86,578.61,286,Select,0
P29,D6,DistrictRoad,288.6,519.48,180.56,15.97,1.11,794.77,216,Premium,1
M5,D3,DistrictRoad,97.3,175.14,219.16,26.58,1.21,509.26,366,Standard,0
P2,D10,DistrictRoad,156.8,282.24,216.04,103.27,1.07,643.66,293,Standard,0
P21,M1,Highway,213.1,340.96,76.34,55.91,1.25,591.51,111,Premium,1
M7,P8,VillageRoad,60.1,135.22,108.52,41.81,1.26,359.79,144,Standard,0
P29,D9,Highway,195.8,281.95,51.1,8.84,0.94,321.38,357,Standard,0
M3,D6,PortLink,216.3,584.01,222.4,21.53,1.15,952.13,337,Select,0
E3,E4,PortLink,291.2,1048.32,237.88,33.07,0.94,1240.11,822,Premium,1
P9,M5,Highway,141.7,226.72,94.82,32.59,1.28,453.29,288,Select,0
D3,P23,PortLink,14.2,38.34,200.71,111.77,1.24,435.02,282,Select,0
P14,P11,Highway,176.2,253.73,232.45,140.01,0.88,551.05,491,Standard,0
P28,P12,PortLink,339.9,917.73,91.92,142.08,1.13,1301.45,227,Select,0
D7,E4,VillageRoad,96.0,288.0,119.72,18.18,0.94,400.35,892,Premium,1
P21,P28,VillageRoad,306.0,688.5,110.53,118.97,0.87,798.66,382,Premium,1
D7,M1,DistrictRoad,246.7,493.4,83.99,100.83,0.85,576.49,845,Select,0
P28,M4,PortLink,70.2,210.6,70.14,61.79,1.05,359.66,176,Select,0
P15,M2,PortLink,138.9,416.7,79.78,27.44,1.09,571.07,197,Standard,0
D1,D8,DistrictRoad,156.7,282.06,150.74,125.52,0.81,452.24,202,Select,0
P3,E2,VillageRoad,190.6,571.8,93.52,117.16,0.95,743.36,533,Premium,1
M2,P23,Highway,41.0,59.04,211.38,147.14,0.88,367.45,257,Standard,0
P17,D6,VillageRoad,25.7,57.83,164.51,134.64,0.9,321.28,305,Standard,0
P6,P17,PortLink,67.9,183.33,50.04,137.69,0.91,337.66,224,Premium,1
P27,P8,DistrictRoad,302.9,545.22,72.89,112.45,1.03,752.48,351,Standard,0
P15,P14,Highway,17.7,25.49,201.38,61.76,1.27,366.56,300,Standard,0
P20,P27,VillageRoad,218.5,491.62,211.6,112.21,1.14,929.59,399,Premium,1
E1,D1,Highway,66.5,95.76,131.26,133.7,1.0,360.72,438,Standard,0
D6,P14,PortLink,333.7,900.99,230.49,149.29,1.05,1344.81,160,Standard,0
M4,P24,PortLink,342.5,924.75,52.66,94.06,1.12,1200.05,198,Select,0
P9,P20,PortLink,250.9,677.43,195.66,30.69,1.12,1012.23,436,Standard,0
M3,P19,VillageRoad,136.8,307.8,194.03,77.98,0.92,533.43,134,Standard,0
P4,M3,VillageRoad,104.0,260.0,208.13,45.86,1.07,549.97,183,Standard,0
P6,M7,VillageRoad,348.5,871.25,109.8,116.89,1.26,1383.4,460,Standard,0
D10,P26,PortLink,313.8,847.26,73.56,69.6,1.04,1030.04,327,Select,0
P7,P28,DistrictRoad,136.1,244.98,89.97,72.03,1.16,472.1,293,Select,0
D4,E1,Highway,292.8,562.18,167.26,97.75,0.93,769.29,507,Premium,1
P29,P25,Highway,129.7,186.77,170.66,25.7,0.87,333.32,239,Standard,0
P8,D6,VillageRoad,148.6,334.35,56.77,66.65,1.26,576.79,355,Premium,1
P29,M6,VillageRoad,40.3,100.75,210.05,60.76,1.05,390.14,109,Select,0
P24,P9,PortLink,35.6,96.12,55.42,75.57,1.12,254.36,146,Premium,1
P13,D9,VillageRoad,52.2,117.45,214.23,62.53,0.93,366.62,323,Select,0
P4,D7,VillageRoad,192.4,432.9,181.27,45.8,0.83,547.78,257,Standard,0
P28,P5,DistrictRoad,207.7,373.86,194.2,41.67,1.05,640.22,195,Premium,1
P28,P2,Highway,162.4,233.86,115.07,82.57,1.12,483.28,360,Standard,0
P7,E4,PortLink,122.4,440.64,123.75,47.49,1.22,746.49,598,Select,1
P24,P16,PortLink,320.2,864.54,152.61,89.26,1.1,1217.05,223,Select,0
P30,P17,DistrictRoad,51.5,92.7,159.53,19.2,1.2,325.72,107,Standard,0
P17,M6,DistrictRoad,129.3,258.6,187.97,139.43,1.0,586.0,189,Premium,1
M2,P7,Highway,232.9,335.38,70.9,71.35,1.12,534.95,451,Select,0
P3,P13,PortLink,139.9,377.73,134.97,56.19,1.15,654.22,479,Premium,1
P19,P26,PortLink,182.8,493.56,87.58,142.41,1.28,926.14,498,Select,0
D6,P30,VillageRoad,294.5,662.62,98.13,111.41,1.16,1011.71,188,Select,0
E3,P18,PortLink,169.0,456.3,112.5,55.27,1.2,748.88,194,Premium,1
M3,P12,DistrictRoad,35.6,64.08,228.43,79.51,1.04,386.9,152,Premium,1
M6,D6,DistrictRoad,342.8,617.04,212.46,145.55,0.94,916.55,142,Select,0
P14,P26,VillageRoad,332.5,748.12,93.98,69.95,1.02,930.29,423,Select,0
E3,P1,VillageRoad,336.3,756.68,95.68,37.95,0.81,721.15,150,Select,0
M6,P27,VillageRoad,89.9,202.28,107.35,145.51,0.99,450.59,116,Standard,0
E1,D8,VillageRoad,221.9,499.28,167.33,132.66,1.04,831.24,174,Select,0
P10,D5,PortLink,96.7,261.09,129.83,28.69,1.15,482.55,493,Premium,1
M1,P22,PortLink,323.1,872.37,212.49,85.01,0.96,1123.08,356,Select,0
D3,P7,VillageRoad,120.0,270.0,191.28,139.7,1.12,673.1,439,Select,0
P28,E2,PortLink,160.1,576.36,143.42,84.99,1.26,1014.01,479,Premium,1
P16,M8,DistrictRoad,77.3,154.6,91.82,100.12,0.89,308.42,270,Premium,1
P29,D1,VillageRoad,222.9,501.53,84.69,145.77,0.89,651.47,238,Standard,0
P29,P2,VillageRoad,309.9,697.27,198.65,75.63,0.84,816.1,218,Standard,0
E2,P4,PortLink,87.0,234.9,110.97,73.72,1.0,419.59,430,Premium,1
P1,P21,VillageRoad,214.4,482.4,249.31,30.39,0.97,739.24,106,Standard,0
P7,P4,PortLink,301.2,813.24,147.98,73.96,0.99,1024.83,150,Premium,1
P25,D8,Highway,9.3,13.39,126.71,39.25,1.11,199.08,233,Select,0
D5,D4,PortLink,40.8,110.16,69.59,98.79,1.05,292.47,321,Premium,1
D9,P2,VillageRoad,257.4,579.15,143.93,115.02,1.22,1022.48,255,Standard,0
D9,P27,Highway,235.6,339.26,50.56,71.18,1.25,576.25,279,Premium,1
P30,P25,VillageRoad,107.1,240.97,202.25,92.48,0.97,519.63,378,Standard,0
D7,P26,VillageRoad,153.5,345.38,226.55,95.17,1.09,727.14,174,Premium,1
M7,D1,Highway,223.8,322.27,156.68,105.74,1.27,742.56,107,Standard,0
P21,M6,VillageRoad,269.0,672.5,98.87,136.55,0.88,798.97,234,Standard,0
M7,P25,DistrictRoad,262.2,471.96,193.6,146.92,1.18,958.73,414,Premium,1
P10,E4,VillageRoad,90.3,270.9,153.21,57.85,0.97,467.5,759,Premium,1
D6,E2,Highway,327.7,629.18,53.72,40.61,1.05,759.69,425,Premium,1
P1,P26,VillageRoad,117.6,264.6,64.22,56.96,1.27,489.94,377,Premium,1
P3,D8,VillageRoad,299.4,673.65,141.91,112.64,1.04,965.33,261,Standard,0
P10,E4,Highway,84.0,161.28,50.2,130.1,1.21,413.31,399,Premium,1
E2,P29,Highway,342.4,493.06,75.88,27.77,1.15,686.22,301,Premium,1
P10,M4,PortLink,100.1,300.3,100.33,81.42,0.87,419.38,290,Standard,0
P16,M5,VillageRoad,237.3,593.25,74.37,116.76,1.18,925.57,256,Select,0
P7,M8,Highway,322.4,515.84,185.67,120.96,1.07,880.04,326,Standard,0
P6,P23,PortLink,308.6,833.22,82.37,11.01,1.18,1093.39,146,Premium,1
P26,P6,DistrictRoad,90.2,162.36,182.72,131.04,1.0,476.12,330,Standard,0
P2,P26,Highway,74.4,107.14,167.54,65.34,0.97,329.82,332,Premium,1
P24,M5,DistrictRoad,307.4,614.8,63.4,62.79,0.95,703.94,160,Standard,0
P28,P21,PortLink,102.4,276.48,222.8,95.77,1.04,618.85,294,Premium,1
P6,P8,PortLink,26.6,71.82,138.8,64.14,1.05,288.5,302,Standard,0
P15,D3,DistrictRoad,181.3,326.34,88.16,0.92,1.24,515.12,375,Select,0
M2,P8,VillageRoad,323.5,727.88,182.01,46.16,1.06,1013.41,247,Select,0
P29,P30,Highway,319.7,460.37,231.18,138.95,1.04,863.72,418,Standard,0
P12,P17,VillageRoad,147.6,332.1,248.18,3.75,1.22,712.52,354,Select,0
P14,P28,VillageRoad,166.6,374.85,132.22,29.49,1.2,643.87,474,Standard,0
P6,M1,DistrictRoad,112.0,224.0,90.56,55.74,1.13,418.44,451,Select,0
M1,P28,Highway,139.3,200.59,95.16,46.28,0.86,294.15,483,Select,0
E1,P27,Highway,201.8,290.59,176.55,35.98,1.11,558.46,359,Premium,1
P28,P22,Highway,138.0,198.72,249.89,109.7,0.82,457.81,355,Premium,1
D3,P14,VillageRoad,285.6,642.6,61.26,44.7,0.84,628.79,210,Standard,0
D2,E2,Highway,157.4,302.21,157.5,79.94,0.82,442.51,367,Premium,1
M3,P14,VillageRoad,136.2,306.45,233.81,122.99,0.95,630.09,134,Standard,0
D6,P21,PortLink,82.4,222.48,58.77,73.06,0.82,290.53,477,Select,0
M1,M7,Highway,133.1,212.96,246.91,40.05,1.03,514.92,181,Select,0
M6,P23,DistrictRoad,210.6,379.08,180.81,58.91,1.08,668.3,197,Select,0
P24,M4,Highway,188.7,301.92,177.75,15.02,0.97,479.85,218,Premium,1
P21,P1,VillageRoad,158.4,356.4,223.72,117.39,1.16,809.11,254,Select,0
P15,D7,DistrictRoad,108.0,194.4,194.62,52.5,1.18,520.99,493,Select,0
M5,P25,VillageRoad,345.4,777.15,51.99,131.59,0.81,778.19,379,Premium,1
P25,M1,Highway,176.8,282.88,137.06,97.31,1.1,568.98,207,Select,0
P3,D1,DistrictRoad,117.5,211.5,205.49,104.28,0.95,495.21,552,Standard,0
M1,E1,PortLink,281.6,1013.76,174.83,126.91,0.94,1236.57,803,Premium,1
M7,P13,Highway,142.4,205.06,54.49,44.52,1.26,383.13,198,Premium,1
P10,P12,PortLink,257.4,694.98,73.35,112.68,0.87,766.48,149,Select,0
P17,E1,PortLink,98.2,353.52,226.82,140.76,0.94,677.83,874,Select,1
P17,M3,VillageRoad,81.7,204.25,95.89,116.92,1.2,500.47,234,Select,0
P2,M7,Highway,102.3,163.68,152.58,143.08,0.87,399.63,287,Standard,0
M1,P24,Highway,46.2,66.53,85.94,37.51,1.09,207.08,328,Select,0
P20,P24,VillageRoad,123.5,277.88,233.6,118.69,1.08,680.58,343,Select,0
P22,P9,DistrictRoad,310.5,558.9,171.67,14.79,1.26,939.15,226,Standard,0
P13,M5,DistrictRoad,50.1,100.2,186.15,74.13,1.23,443.39,291,Premium,1
P4,P13,DistrictRoad,151.7,273.06,246.5,28.15,1.16,635.34,121,Standard,0
P18,P23,VillageRoad,172.5,388.12,152.62,133.19,1.28,862.63,423,Standard,0
D4,D10,DistrictRoad,302.0,543.6,75.31,32.62,1.18,768.81,340,Standard,0
D1,P22,PortLink,76.5,206.55,204.67,3.0,1.05,434.93,350,Standard,0
P13,D5,VillageRoad,242.8,546.3,142.09,144.93,0.91,758.32,591,Standard,0
P22,P10,VillageRoad,70.7,159.08,161.74,96.35,0.98,408.83,140,Select,0
P7,E1,VillageRoad,107.5,322.5,175.07,120.83,1.03,636.95,576,Select,1
P20,D5,VillageRoad,69.7,156.83,85.52,30.64,0.97,264.8,497,Select,0
P13,M7,VillageRoad,335.1,837.75,66.49,105.62,1.16,1171.44,410,Standard,0
P2,D4,PortLink,156.3,422.01,169.0,122.21,0.94,670.43,214,Select,0
D7,P18,VillageRoad,98.4,221.4,142.26,31.08,1.23,485.53,224,Standard,0
P2,M1,Highway,50.3,80.48,132.66,141.98,0.8,284.1,314,Premium,1
P4,D3,VillageRoad,176.9,398.03,166.9,127.23,1.24,858.28,407,Premium,1
P9,D2,PortLink,65.4,176.58,205.51,60.59,1.24,548.92,457,Select,0
P6,P16,VillageRoad,163.6,368.1,179.5,85.48,1.25,791.35,361,Premium,1
D3,P12,DistrictRoad,52.4,94.32,68.46,34.7,0.91,179.71,124,Select,0
P12,P3,VillageRoad,322.7,726.08,146.87,131.82,1.15,1155.49,473,Standard,0
E1,P27,Highway,263.9,380.02,176.6,21.49,1.14,659.05,337,Select,0
P11,P3,Highway,196.7,283.25,91.79,50.12,1.25,531.45,474,Standard,0
P29,P7,VillageRoad,254.7,573.08,199.09,97.22,1.19,1034.57,364,Premium,1
D6,P10,VillageRoad,231.3,520.43,167.76,74.09,1.18,899.49,393,Standard,0
P9,P22,PortLink,221.8,598.86,63.39,36.02,1.06,740.17,364,Select,0
P10,P28,Highway,133.1,191.66,244.38,13.55,0.81,364.17,469,Standard,0
P26,D2,PortLink,65.4,176.58,73.98,5.54,1.08,276.59,277,Standard,0
M6,P19,PortLink,237.4,640.98,231.96,136.28,0.92,928.48,442,Standard,0
P29,P17,PortLink,158.3,427.41,73.34,27.93,1.2,634.42,287,Standard,0
P23,D8,PortLink,320.7,865.89,243.62,63.69,0.91,1067.61,570,Select,0
M3,D8,PortLink,276.9,747.63,237.33,114.72,0.87,956.72,456,Premium,1
P1,P27,PortLink,91.1,245.97,235.73,109.54,0.86,508.47,217,Select,0
P22,P14,Highway,36.1,51.98,172.39,126.76,1.16,407.31,365,Select,0
M7,P5,Highway,305.9,440.5,53.79,37.56,1.27,675.45,189,Premium,1
D3,P22,VillageRoad,159.5,358.88,114.41,30.79,1.23,620.02,374,Premium,1
P10,D3,Highway,92.9,133.78,167.18,41.35,1.19,407.35,279,Select,0
P17,M5,PortLink,78.4,235.2,171.63,88.12,1.02,504.85,209,Premium,1
P22,P12,PortLink,287.4,775.98,110.99,127.93,1.29,1309.22,179,Select,0
P4,P28,Highway,65.8,94.75,233.27,50.03,0.9,340.24,239,Standard,0
P9,P24,PortLink,181.9,491.13,169.45,20.61,1.12,762.93,448,Premium,1
P17,P1,PortLink,69.3,187.11,242.39,13.71,0.85,376.73,251,Premium,1
D2,P21,DistrictRoad,345.1,621.18,214.95,118.09,1.14,1087.81,456,Standard,0
M5,M8,VillageRoad,202.6,506.5,54.57,84.95,1.23,794.6,140,Premium,1
D8,P28,DistrictRoad,88.5,159.3,246.34,113.0,0.97,503.08,123,Select,0
P17,E2,VillageRoad,142.2,426.6,205.95,117.36,1.08,809.9,403,Premium,1
E4,D9,Highway,102.3,147.31,104.49,13.01,1.29,341.6,122,Standard,0
D10,P25,Highway,203.2,292.61,180.86,50.96,0.93,487.72,420,Standard,0
M1,M3,Highway,67.0,107.2,224.83,16.63,0.89,310.31,223,Select,0
D1,P9,PortLink,313.4,846.18,143.66,6.29,1.22,1215.28,109,Premium,1
P21,P10,VillageRoad,212.8,478.8,206.38,19.32,0.95,669.28,452,Standard,0
D3,M4,DistrictRoad,278.9,557.8,131.71,23.29,1.13,805.46,726,Standard,0
P9,P29,DistrictRoad,158.6,285.48,86.08,45.45,0.87,362.8,265,Premium,1
P16,P26,Highway,281.1,404.78,67.57,49.47,1.27,662.71,482,Standard,0
D5,D6,VillageRoad,200.8,451.8,171.9,22.79,0.96,620.63,308,Standard,0
D5,P7,VillageRoad,67.1,150.97,237.42,63.22,1.27,573.54,233,Select,0
P4,P10,Highway,244.1,351.5,124.31,51.5,0.88,464.03,333,Select,0
M2,E4,VillageRoad,122.2,366.6,114.24,76.99,1.17,652.66,356,Select,1
M6,M5,PortLink,240.9,722.7,121.22,83.09,1.1,1019.71,330,Select,0
P9,P5,Highway,221.8,319.39,188.76,98.53,1.02,618.81,120,Premium,1
P19,D6,DistrictRoad,146.5,263.7,161.46,13.5,1.26,552.71,252,Premium,1
P9,M4,PortLink,226.1,678.3,211.34,103.89,1.27,1261.78,126,Standard,0
P1,M7,DistrictRoad,265.2,530.4,235.67,56.61,1.24,1020.12,176,Standard,0
D4,E1,PortLink,339.1,1220.76,211.78,0.7,1.22,1748.55,537,Select,1
P20,D6,PortLink,323.9,874.53,56.97,65.43,0.86,857.36,519,Select,0
P9,D7,Highway,336.3,484.27,51.44,134.59,1.16,777.55,450,Premium,1
D6,P10,VillageRoad,121.5,273.38,192.78,123.51,0.99,583.77,114,Premium,1
D2,P3,VillageRoad,166.8,375.3,67.69,60.03,0.92,462.78,435,Select,0
M2,P6,PortLink,318.6,860.22,217.65,83.8,1.02,1184.9,257,Premium,1
D9,D5,Highway,172.8,248.83,219.68,147.89,0.91,560.92,320,Standard,0
P27,P8,Highway,250.7,361.01,158.45,137.92,1.13,742.84,206,Standard,0
P15,P16,DistrictRoad,122.7,220.86,130.26,42.96,0.81,319.2,314,Select,0
M4,E3,PortLink,211.1,759.96,109.97,110.22,1.14,1117.37,473,Select,1
P19,P26,VillageRoad,38.6,86.85,239.46,48.4,1.12,419.68,359,Standard,0
M7,D2,DistrictRoad,84.7,152.46,123.84,91.67,1.1,404.77,268,Standard,0
D8,P23,Highway,138.6,199.58,200.31,141.88,1.24,671.79,269,Premium,1
P22,P20,DistrictRoad,65.7,118.26,243.14,88.42,1.21,544.28,132,Select,0
D5,M7,Highway,344.4,551.04,237.32,15.58,0.99,795.9,818,Premium,1
P17,P22,Highway,189.6,273.02,65.01,80.0,1.15,480.73,428,Select,0
P5,D7,PortLink,307.6,830.52,101.35,123.15,0.81,854.57,413,Standard,0
P19,P17,VillageRoad,131.7,296.32,166.36,35.49,1.15,572.9,434,Select,0
P7,D9,Highway,29.7,42.77,189.31,52.26,0.87,247.38,239,Premium,1
E3,E4,PortLink,160.0,576.0,97.22,26.79,1.16,812.01,581,Select,1
M7,D1,Highway,146.1,210.38,161.78,127.31,0.9,449.52,112,Premium,1
D5,D7,VillageRoad,55.5,124.88,234.4,65.9,0.89,378.41,310,Premium,1
P19,P28,DistrictRoad,6.0,10.8,68.48,106.98,0.87,162.05,230,Select,0
E4,D8,DistrictRoad,251.5,452.7,246.9,4.09,1.22,858.5,263,Standard,0
P4,P28,Highway,86.8,124.99,167.59,147.1,0.9,395.71,138,Premium,1
M5,P15,VillageRoad,84.4,189.9,69.76,87.71,0.86,298.74,322,Select,0
D1,P11,PortLink,167.5,452.25,81.5,57.06,1.02,602.63,374,Standard,0
M4,M1,VillageRoad,161.3,403.25,233.63,15.77,1.17,763.6,442,Select,0
P9,P6,PortLink,168.1,453.87,144.5,102.86,1.1,771.35,316,Select,0
P12,P30,Highway,194.7,280.37,229.3,149.22,1.08,711.6,268,Select,0
P15,D9,DistrictRoad,90.5,162.9,188.07,149.88,1.0,500.85,453,Select,0
D5,M2,DistrictRoad,75.2,150.4,119.1,147.62,0.83,346.21,713,Standard,0
D1,P12,PortLink,222.5,600.75,235.96,100.45,0.8,749.73,136,Premium,1
P3,D4,PortLink,69.8,188.46,246.84,140.94,0.86,495.57,586,Select,0
P27,P21,DistrictRoad,128.4,231.12,173.99,81.28,0.93,452.34,499,Standard,0
P16,P21,VillageRoad,17.6,39.6,109.81,91.43,1.2,289.01,155,Standard,0
E2,P25,PortLink,262.4,708.48,121.25,125.77,0.81,773.96,425,Premium,1
D10,M5,PortLink,53.8,161.4,57.05,124.63,1.14,391.11,875,Select,0
D7,P18,PortLink,11.8,31.86,118.1,52.33,0.83,167.9,137,Select,0
E3,P1,PortLink,300.6,811.62,207.8,71.93,1.22,1331.45,146,Standard,0
P18,P1,PortLink,37.0,99.9,218.47,124.38,1.06,469.31,220,Select,0
P15,P8,Highway,214.6,309.02,187.68,77.86,1.15,660.74,390,Premium,1
P11,D4,VillageRoad,33.3,74.92,200.12,33.94,0.96,296.62,374,Select,0
P4,P23,PortLink,234.5,633.15,150.07,123.77,0.9,816.29,255,Premium,1
P1,E2,DistrictRoad,121.1,290.64,132.69,111.66,1.15,615.24,537,Select,1
P3,P22,PortLink,202.8,547.56,131.63,85.05,0.84,641.96,149,Standard,0
P20,D5,VillageRoad,172.8,388.8,222.78,13.13,1.15,718.42,216,Standard,0
P3,M7,DistrictRoad,289.9,579.8,173.84,34.11,1.08,850.77,302,Standard,0
P18,P23,DistrictRoad,226.5,407.7,117.9,68.59,1.3,772.45,329,Select,0
D3,P30,VillageRoad,300.4,675.9,93.59,34.11,0.95,763.42,395,Premium,1
M1,D8,Highway,229.1,329.9,196.76,81.33,1.17,711.35,137,Standard,0
P15,M8,DistrictRoad,296.6,593.2,82.2,24.05,1.07,748.41,287,Select,0
P14,D1,VillageRoad,286.0,643.5,187.13,128.45,0.87,834.4,334,Select,0
P10,P2,Highway,259.7,373.97,148.58,0.43,0.92,481.14,341,Select,0
M3,P14,PortLink,312.6,844.02,74.44,75.16,1.08,1073.11,160,Standard,0
P21,P12,DistrictRoad,221.8,399.24,174.05,56.69,0.83,522.88,108,Standard,0
D7,P20,VillageRoad,310.8,699.3,73.1,66.65,0.86,721.58,388,Select,0
P18,P13,Highway,144.8,208.51,73.2,62.46,0.93,320.08,310,Standard,0
P28,E3,DistrictRoad,61.2,146.88,222.78,22.51,1.13,443.15,445,Premium,1
D2,D5,DistrictRoad,76.4,137.52,86.97,58.61,1.03,291.59,455,Select,0
M2,M3,VillageRoad,342.2,855.5,62.75,139.38,0.81,856.68,445,Standard,0
D9,E1,VillageRoad,41.2,123.6,123.99,140.28,1.01,391.75,648,Select,1
M7,P26,PortLink,198.3,535.41,249.49,103.97,0.88,782.21,448,Premium,1
M6,E4,VillageRoad,339.9,1019.7,202.0,32.46,1.08,1354.49,750,Premium,1
P28,E3,PortLink,81.3,292.68,191.94,73.4,1.01,563.6,574,Select,1
P28,E4,Highway,250.0,480.0,222.74,104.41,0.82,661.86,809,Select,1
D3,P2,PortLink,61.5,166.05,216.82,44.81,1.04,444.79,138,Standard,0
P11,P29,PortLink,339.8,917.46,145.61,41.56,0.97,1071.49,416,Standard,0
P30,P2,VillageRoad,339.7,764.33,106.26,52.76,0.96,886.42,480,Select,0
D2,D9,VillageRoad,56.5,127.12,243.22,135.83,0.91,460.61,269,Select,0
P9,D7,PortLink,206.5,557.55,153.87,6.13,1.1,789.31,320,Select,0
M5,P3,DistrictRoad,189.4,340.92,166.42,10.0,1.17,605.29,291,Select,0
M2,D2,Highway,134.7,193.97,150.95,30.29,1.06,397.72,219,Standard,0
D2,P18,DistrictRoad,173.0,311.4,246.17,17.34,0.91,523.17,138,Select,0
D3,E3,Highway,278.6,534.91,73.45,133.48,0.98,727.0,529,Select,1
P6,D1,Highway,93.9,135.22,80.13,74.47,0.82,237.65,283,Premium,1
P13,D7,PortLink,302.8,817.56,80.17,72.04,1.03,998.86,255,Select,0
P17,M7,DistrictRoad,180.6,361.2,171.9,129.13,1.28,847.65,404,Standard,0
P17,M1,DistrictRoad,319.7,639.4,178.89,92.43,1.26,1147.51,335,Standard,0
D1,P1,DistrictRoad,77.3,139.14,207.41,51.71,0.94,374.36,126,Select,0
P30,P5,DistrictRoad,139.1,250.38,139.99,38.49,1.17,501.77,158,Standard,0
P16,D3,DistrictRoad,311.6,560.88,140.16,15.7,1.03,738.24,465,Select,0
E3,P12,DistrictRoad,57.9,104.22,240.89,60.46,1.19,482.63,347,Standard,0
P5,E1,VillageRoad,151.1,453.3,235.08,33.5,1.24,895.13,533,Premium,1
P4,P21,VillageRoad,230.2,517.95,204.48,144.73,1.06,919.19,150,Premium,1
M5,P3,DistrictRoad,191.1,343.98,69.6,86.98,1.02,510.57,267,Standard,0
P21,M5,VillageRoad,46.5,116.25,71.23,7.86,0.93,181.67,425,Premium,1
P4,P22,Highway,47.9,68.98,208.38,114.33,1.04,407.36,224,Premium,1
D2,P8,DistrictRoad,79.5,143.1,75.93,91.57,1.11,344.77,453,Standard,0
P1,P5,DistrictRoad,95.4,171.72,102.84,130.01,0.86,347.93,272,Standard,0
D6,D9,VillageRoad,67.6,152.1,89.1,63.2,1.05,319.62,118,Standard,0
P7,P15,DistrictRoad,230.3,414.54,65.9,16.03,0.93,461.72,293,Premium,1
P26,P23,PortLink,337.5,911.25,166.2,35.79,1.08,1202.3,129,Select,0
M4,P28,PortLink,204.2,551.34,247.44,95.78,0.89,796.16,398,Select,0
D8,D1,VillageRoad,251.0,564.75,54.05,76.14,0.96,667.14,406,Select,0
